Date,Asian_Paints,Axis_Bank,Bajaj_Finance,DRL,ICICI_Bank,Induslnd_Bank,Nestle_India,Reliance_Industries,Sun_Pharma,Titan_Company,Ambuja_Cements,Bosch,Dixon_Tech,Havells_India,InfoEdge_India,InterGlobe_Aviation,Oracle,Procter_and_Gamble,Siemens_Ltd,Tube_Invest_India,BSE Index
2019-01-01,1371.85,627.5,2656.2,2610.8,363.65,1594.35,1089.39,1012.61,433.1,927.6,222.9,19576.5,408.62,694.8,1439.0,1165.6,3729.45,9903.75,1062.65,350.15,36254.57
2019-01-08,1381.55,618.9,2616.5,2600.6,364.35,1577.4,1087.33,999.02,440.3,931.7,218.95,19477.8,402.11,691.8,1430.45,1161.0,3710.95,9895.0,1056.55,353.0,35891.52
2019-01-15,1402.9,670.05,2525.1,2603.9,382.0,1600.8,1108.13,1000.92,447.4,952.5,212.85,19476.35,419.24,681.75,1628.7,1104.85,3599.1,9982.45,1053.55,335.45,36212.91
2019-01-22,1389.0,663.65,2572.95,2621.85,375.1,1526.9,1088.1,1024.08,453.35,961.75,216.85,19089.4,440.55,683.45,1677.35,1136.55,3682.75,9896.85,1060.55,335.2,36321.29
2019-01-29,1396.05,661.4,2633.05,2645.5,367.65,1493.6,1113.87,1106.84,430.75,962.6,212.4,19090.15,448.68,696.2,1729.05,1109.3,3769.65,9914.85,1045.0,331.05,36108.47
2019-02-05,1388.75,690.9,2596.35,2664.85,365.25,1475.75,1122.11,1078.94,417.6,966.45,204.65,18454.1,444.59,703.35,1705.25,1174.75,3768.95,9919.6,1013.45,340.35,35591.25
2019-02-12,1465.85,723.9,2707.65,2791.85,358.9,1526.4,1142.22,1182.83,415.4,1059.1,214.5,19248.25,442.93,737.5,1738.0,1197.05,3879.7,9977.9,1020.55,339.55,36975.23
2019-02-19,1423.1,697.25,2590.5,2651.7,340.0,1498.3,1041.23,1123.73,431.15,1052.2,205.95,17908.45,433.3,703.45,1654.35,1162.15,3815.45,10129.85,982.75,352.6,36034.11
2019-02-26,1394.4,700.9,2600.85,2523.7,345.2,1480.8,1037.08,1114.65,422.2,1033.25,206.8,18175.65,449.11,695.15,1710.05,1140.0,3484.15,9988.6,966.6,356.75,35756.26
2019-03-05,1402.5,717.85,2641.4,2645.0,345.8,1476.3,1053.75,1103.91,441.9,1017.65,213.95,18817.75,443.07,693.2,1809.8,1112.3,3502.8,10371.2,979.05,351.2,35905.43
2019-03-12,1393.75,719.5,2764.2,2693.35,371.6,1532.95,1019.76,1141.02,459.95,1054.55,220.25,18875.2,469.77,713.7,1733.5,1228.7,3510.5,10668.5,1019.2,379.85,36636.1
2019-03-19,1428.45,738.45,2826.2,2654.3,391.85,1636.25,1053.0,1216.15,456.1,1077.85,229.8,18608.9,500.61,766.6,1899.45,1301.7,3420.0,10395.4,1053.75,383.9,37752.17
2019-03-26,1454.95,755.55,2872.25,2747.25,393.0,1714.4,1037.49,1242.2,474.35,1102.65,227.45,18392.8,501.29,757.3,1906.15,1423.7,3400.65,10295.3,1061.7,370.8,38386.75
2019-04-02,1472.9,760.15,2942.65,2765.15,393.3,1805.85,1068.81,1219.18,464.2,1114.3,232.25,17959.3,471.68,749.3,1870.0,1401.3,3370.3,10701.0,1064.75,372.65,38132.88
2019-04-09,1496.95,761.4,3042.1,2770.3,392.4,1772.8,1083.72,1240.58,462.9,1100.15,226.75,18005.95,475.32,770.55,1851.2,1365.25,3508.35,10836.35,1160.8,385.25,38877.12
2019-04-16,1412.45,761.75,3002.0,2763.65,393.7,1748.95,1064.42,1200.08,471.45,1099.95,223.9,17788.65,480.8,757.5,1914.55,1394.0,3558.2,10757.75,1165.65,376.05,38585.35
2019-04-23,1465.35,771.2,3013.8,2800.9,404.9,1764.0,1078.63,1248.8,462.1,1125.75,233.4,18173.5,466.07,757.7,1905.45,1554.4,3528.55,10695.9,1184.4,372.3,39140.28
2019-04-30,1449.15,752.6,3092.0,2855.35,401.05,1700.15,1066.78,1255.21,469.15,1147.55,224.1,18005.75,462.38,774.05,2013.9,1472.6,3538.7,10556.55,1177.6,379.3,39054.68
2019-05-07,1437.85,752.65,3129.15,2921.2,394.6,1562.6,1044.3,1268.84,451.45,1138.25,221.05,17985.95,473.72,771.0,1953.65,1540.45,3439.15,10260.4,1149.6,374.1,38981.43
2019-05-14,1387.6,735.5,2921.9,2904.25,381.85,1487.6,1014.9,1173.44,438.85,1088.35,213.35,17328.85,457.99,734.15,1952.65,1574.45,3440.35,10424.3,1089.05,371.05,37789.13
2019-05-21,1307.15,721.25,3002.55,2808.4,377.05,1378.1,1012.52,1135.33,408.95,1158.85,209.75,17004.85,451.52,721.15,1904.85,1610.35,3417.25,10615.2,1073.9,370.95,37114.88
2019-05-28,1366.75,779.3,3447.7,2658.95,405.5,1517.55,1052.75,1210.69,420.65,1240.45,220.55,16809.3,462.08,755.55,1923.8,1509.1,3415.0,10759.8,1169.0,379.8,39110.21
2019-06-04,1359.35,804.8,3410.25,2611.05,422.9,1607.85,1100.97,1185.9,422.85,1235.5,233.85,17017.65,488.19,730.95,2049.9,1640.45,3394.9,10900.4,1252.5,395.0,39502.05
2019-06-11,1427.8,808.85,3452.9,2657.35,411.6,1522.05,1142.34,1198.36,404.1,1267.05,221.75,17268.45,486.48,781.25,2304.9,1670.85,3338.9,10735.6,1241.65,394.8,39529.72
2019-06-18,1425.55,812.35,3510.1,2590.35,418.0,1567.75,1153.58,1202.02,391.65,1285.45,220.55,16901.2,455.41,781.9,2212.0,1650.95,3313.55,11099.05,1259.85,395.15,39756.81
2019-06-25,1381.75,771.25,3524.7,2550.6,419.9,1382.9,1143.74,1153.62,375.55,1274.7,206.45,16259.5,431.3,784.0,2012.05,1609.15,3206.35,10684.55,1269.3,380.1,39112.74
2019-07-02,1359.9,788.95,3627.6,2578.15,438.6,1435.3,1162.13,1169.01,399.3,1309.3,219.35,16524.95,445.79,788.15,2215.85,1575.8,3182.25,10818.35,1253.1,397.15,39592.08
2019-07-09,1352.35,806.3,3713.95,2597.05,436.0,1470.15,1162.95,1157.91,395.65,1327.9,214.95,16715.2,467.78,790.45,2273.6,1579.45,3207.15,10929.65,1331.75,387.2,39839.25
2019-07-16,1322.85,768.5,3426.55,2583.95,430.95,1487.75,1137.91,1154.38,392.05,1101.2,208.85,15915.45,452.25,726.55,2225.0,1398.05,3144.45,10921.9,1212.8,384.9,38557.04
2019-07-23,1394.85,752.65,3461.55,2666.65,424.7,1500.7,1152.16,1157.27,429.95,1109.55,219.25,15999.55,440.67,729.85,2242.8,1465.25,3324.85,10903.15,1220.7,416.45,39215.64
2019-07-30,1483.6,711.1,3171.6,2597.9,408.55,1361.45,1130.61,1136.73,425.7,1086.85,215.7,14673.0,440.25,695.8,2145.8,1595.0,3239.35,10554.95,1182.6,376.5,37847.65
2019-08-06,1521.25,674.4,3250.9,2574.6,424.5,1413.0,1149.44,1052.93,426.75,1056.15,201.9,14438.8,425.89,645.3,2244.9,1557.2,3394.6,10902.35,1144.75,346.35,37481.12
2019-08-13,1559.0,660.05,3265.95,2556.1,408.4,1426.6,1159.31,1001.46,421.65,1029.5,204.9,13976.4,374.69,644.55,2153.4,1498.95,3259.85,10437.85,1101.45,350.4,36690.5
2019-08-20,1569.15,663.2,3288.85,2511.2,417.35,1400.45,1203.08,1163.37,417.05,1083.6,214.0,13371.1,470.13,654.55,2179.4,1599.5,2985.55,10295.4,1162.8,351.55,37311.53
2019-08-27,1589.45,665.0,3260.8,2503.4,412.2,1365.9,1258.74,1147.57,417.3,1064.85,201.1,13687.95,442.91,650.65,2139.3,1624.8,2850.2,10287.05,1151.9,340.15,37060.37
2019-09-03,1603.7,678.1,3326.45,2511.05,413.05,1365.05,1251.47,1140.57,412.75,1110.8,205.0,14198.45,538.57,666.2,2004.35,1659.25,3006.45,10054.9,1177.95,340.05,37451.84
2019-09-10,1534.9,646.95,3250.05,2601.7,397.5,1317.35,1246.52,1085.03,426.4,1037.5,190.9,13394.55,521.05,636.0,2118.0,1641.2,3061.75,10101.85,1167.8,330.9,36724.74
2019-09-17,1561.3,681.7,3417.3,2761.7,394.35,1371.7,1275.72,1114.43,422.05,1100.55,197.35,14249.25,520.54,665.1,1963.1,1664.05,3009.55,10171.9,1224.75,341.85,37270.82
2019-09-24,1548.1,648.2,3415.05,2745.5,399.15,1329.65,1287.04,1088.78,416.8,1161.6,195.8,13615.75,509.66,650.0,1983.3,1677.8,2910.2,10466.4,1247.5,343.3,36563.88
2019-10-01,1752.4,694.9,3932.85,2772.55,434.45,1503.6,1346.35,1155.69,406.75,1269.05,210.1,14082.4,564.67,730.4,2057.15,1803.55,2953.95,11578.95,1442.5,399.55,38593.52
2019-10-08,1749.25,668.25,3960.1,2677.1,427.3,1256.6,1371.09,1183.87,388.2,1295.0,196.35,13563.7,584.57,702.0,2122.0,1826.05,3084.05,11729.15,1525.65,385.0,38106.87
2019-10-15,1773.15,686.3,4025.35,2663.2,436.6,1309.5,1387.55,1197.19,383.55,1229.65,192.35,13269.9,600.17,671.45,2392.8,1796.45,3099.85,11363.0,1588.2,374.0,38177.95
2019-10-22,1765.7,693.5,4018.75,2700.8,435.3,1274.45,1434.86,1239.59,399.5,1274.8,202.7,14128.95,603.65,671.65,2258.65,1725.8,3152.95,11582.85,1611.25,364.85,38598.99
2019-10-29,1766.4,714.8,4037.65,2826.7,455.65,1332.55,1498.23,1257.78,405.3,1351.5,196.8,14601.15,597.27,673.15,2349.35,1654.55,3055.3,11905.15,1673.2,366.05,39058.83
2019-11-05,1821.3,747.65,3991.5,2760.7,471.05,1295.8,1495.86,1335.31,429.85,1315.45,199.2,15654.8,602.16,668.2,2406.95,1409.75,3088.75,12241.1,1640.95,372.15,40051.87
2019-11-12,1798.35,747.1,4185.9,2862.15,480.6,1342.25,1465.17,1293.23,427.55,1156.0,201.55,15681.05,590.5,687.05,2492.0,1462.45,3130.4,11881.4,1677.4,446.4,40469.78
2019-11-19,1770.4,710.25,4143.7,2761.9,485.8,1413.85,1423.47,1329.26,411.7,1159.5,200.15,15331.65,597.88,692.65,2563.5,1481.35,3119.0,11207.9,1675.2,441.95,40116.06
2019-11-26,1722.8,748.8,4137.45,2837.65,494.9,1468.7,1422.67,1397.03,450.2,1162.25,201.4,14972.75,646.49,665.75,2638.95,1425.75,3056.4,11039.3,1579.0,448.1,40651.64
2019-12-03,1715.7,752.45,4118.4,2972.6,505.65,1527.65,1458.57,1417.53,459.15,1167.0,200.3,16596.45,644.41,670.7,2590.95,1413.1,2911.5,11292.65,1493.9,458.7,41020.61
2019-12-10,1720.6,739.75,3990.65,2878.7,529.35,1544.0,1430.02,1401.99,443.7,1174.3,202.05,15657.6,657.87,670.0,2553.05,1399.6,2964.4,11300.25,1477.15,489.65,40850.29
2019-12-17,1737.7,716.45,4034.95,2887.35,533.6,1418.8,1406.82,1411.07,429.4,1179.5,195.85,14969.25,690.73,647.4,2499.45,1328.75,2899.2,11229.65,1464.75,482.65,40412.57
2019-12-24,1778.55,742.0,4119.4,2873.75,541.6,1501.4,1421.59,1422.9,439.9,1158.85,198.55,15160.65,709.69,642.4,2606.1,1315.15,2950.85,11320.35,1495.05,478.4,41558.57
2019-12-31,1810.1,736.15,4189.15,2865.65,539.0,1514.15,1459.94,1368.94,422.3,1192.55,196.55,15363.75,749.49,648.1,2563.55,1306.95,2875.65,11442.5,1535.7,488.1,41163.76
2020-01-07,1793.75,748.9,4230.45,2879.05,536.8,1484.6,1477.79,1363.3,434.2,1154.85,196.25,15374.6,759.86,647.15,2530.05,1333.55,2739.65,11447.0,1496.7,481.6,41306.02
2020-01-14,1730.85,724.7,4049.7,2897.5,525.85,1458.8,1438.83,1367.14,440.1,1143.3,199.0,14828.0,847.01,640.4,2539.6,1364.05,2669.4,11099.3,1485.15,484.9,40817.74
2020-01-21,1841.75,746.15,4206.2,2919.65,535.4,1400.6,1486.76,1376.21,448.75,1184.75,209.3,15133.3,829.12,650.75,2545.85,1423.25,2957.15,11206.75,1511.0,505.55,41872.73
2020-01-28,1778.3,712.75,4140.6,3060.05,523.0,1327.6,1554.44,1384.43,446.25,1177.65,207.6,14935.5,831.78,616.95,2567.9,1438.8,2949.6,11250.1,1583.1,523.5,41115.38
2020-02-04,1796.5,735.35,4421.75,3148.6,526.45,1258.25,1586.98,1336.21,450.05,1186.65,216.15,14689.55,884.85,616.2,2765.35,1453.75,2914.8,11112.55,1506.8,512.4,41198.66
2020-02-11,1872.3,724.15,4527.55,3134.5,538.9,1272.8,1637.39,1307.63,426.15,1279.9,206.8,14013.25,952.71,608.05,2961.75,1413.0,2992.75,11601.4,1477.4,522.2,41142.66
2020-02-18,1892.05,755.15,4769.55,3197.55,549.3,1277.2,1628.97,1327.45,414.4,1268.65,212.0,14199.5,923.83,618.85,2999.35,1391.0,2900.1,11444.6,1494.75,519.4,41565.9
2020-02-25,1886.25,741.2,4877.0,3276.85,544.75,1141.0,1677.6,1358.33,403.25,1329.9,200.85,14552.9,900.71,600.5,2787.1,1471.05,2859.65,11256.8,1394.1,486.05,41323.0
2020-03-03,1826.55,729.75,4809.75,3075.65,523.65,1135.05,1626.01,1256.47,374.6,1255.55,211.6,13796.85,829.68,643.6,2649.6,1376.9,2785.0,11177.3,1382.75,552.15,39888.96
2020-03-10,1849.85,682.05,4287.05,3172.95,508.5,1066.25,1653.81,1209.29,405.7,1250.55,211.15,13155.6,806.99,638.55,2788.8,1228.45,2660.55,10852.0,1356.45,527.8,38409.48
2020-03-17,1882.65,618.75,4030.3,2999.6,465.4,853.65,1605.62,1041.42,386.3,1188.85,193.7,12201.65,856.87,610.2,2530.7,1213.2,2425.05,10471.6,1286.6,505.9,35697.4
2020-03-24,1616.65,472.65,3062.15,2667.75,356.0,459.85,1351.34,874.9,362.5,930.4,171.4,10469.75,766.13,569.85,2101.9,976.7,2015.45,10003.95,1135.95,450.0,28869.51
2020-03-31,1594.05,326.9,2585.9,2924.5,317.15,301.2,1443.17,976.4,347.05,883.5,142.15,8357.45,636.81,489.95,1772.85,916.35,1591.95,9035.35,1018.8,302.2,28535.78
2020-04-07,1603.9,358.45,2220.1,3096.2,311.45,342.3,1566.87,975.86,343.55,936.75,155.7,9395.55,715.97,480.45,2035.05,1066.15,2023.65,10269.35,1113.4,273.9,28265.31
2020-04-14,1609.6,391.3,2333.0,3680.75,319.0,398.75,1684.82,1076.54,436.65,913.8,159.0,9258.8,750.98,500.3,2358.1,980.25,2077.9,10500.65,1113.3,284.5,29893.96
2020-04-21,1718.4,417.1,2182.55,3803.95,327.3,424.1,1732.32,1038.53,448.95,949.9,165.0,10025.3,737.55,536.35,2161.3,1068.4,2188.15,11144.5,1183.25,306.35,30379.81
2020-04-28,1812.65,431.2,2147.5,4057.3,336.1,415.6,1763.88,1231.14,474.25,952.2,167.55,10006.85,821.93,503.8,2387.15,1010.65,2040.0,10768.5,1159.2,342.9,31379.55
2020-05-05,1768.0,438.85,2292.8,3880.5,370.25,470.6,1749.57,1287.9,477.85,925.0,167.7,9982.1,863.67,532.95,2392.25,908.3,2239.15,10536.3,1140.1,339.15,32720.16
2020-05-12,1610.6,388.35,2106.25,3856.75,341.4,425.65,1731.04,1319.91,454.55,877.0,164.8,9916.4,902.72,506.6,2591.55,950.3,2343.5,10071.05,1069.75,357.15,31685.75
2020-05-19,1562.9,413.85,2161.15,3782.4,337.6,448.4,1651.87,1364.15,452.4,860.15,175.2,9767.4,841.59,480.55,2525.45,1008.6,2541.35,10189.35,1015.25,334.85,32008.61
2020-05-26,1500.45,362.9,2042.95,3910.75,306.1,357.35,1630.02,1307.86,455.65,850.15,174.6,9149.25,860.35,468.2,2462.6,919.95,2417.8,10056.85,1020.85,314.7,30818.61
2020-06-02,1619.75,387.35,1936.85,3883.3,318.8,368.55,1673.54,1319.07,450.55,886.85,188.55,9391.85,899.99,460.7,2395.1,942.0,2356.5,10020.7,1021.95,310.95,31605.22
2020-06-09,1716.3,409.6,2413.1,3961.2,356.65,431.35,1742.54,1406.13,476.05,984.0,191.2,10499.3,1039.5,549.35,2602.55,945.55,2575.25,10031.05,1109.65,400.05,34109.54
2020-06-16,1636.2,427.8,2438.05,4114.85,353.4,500.7,1656.31,1433.07,499.15,977.55,187.8,11189.35,1008.14,546.4,2703.15,1080.35,2592.6,9933.8,1122.75,386.9,34247.05
2020-06-23,1596.1,389.45,2396.7,3984.0,342.15,490.85,1620.11,1472.63,485.85,962.85,190.6,10566.1,1060.68,552.15,2813.45,1005.3,2882.55,9909.95,1032.7,393.7,33507.92
2020-06-30,1746.4,424.4,2935.45,4042.55,348.4,481.95,1670.69,1574.69,484.4,987.7,193.25,11336.8,1181.42,577.3,2954.7,1072.1,2713.05,9919.75,1101.3,435.05,34868.98
2020-07-07,1688.1,433.25,2954.15,3910.6,363.95,492.35,1679.5,1584.3,468.2,948.6,193.6,11418.1,1151.78,579.5,2761.85,988.85,2863.75,10151.65,1096.65,444.4,35414.45
2020-07-14,1686.6,444.15,3203.6,3886.25,368.9,552.85,1679.89,1638.5,484.0,991.35,193.25,13481.15,1176.31,597.75,2913.1,1034.35,2869.45,10352.8,1172.7,442.55,36329.01
2020-07-21,1671.3,426.8,3147.9,4038.1,345.75,503.5,1690.49,1682.49,494.8,967.95,190.5,13246.2,1272.4,580.25,2895.7,955.3,2903.2,10150.8,1130.8,451.2,36051.81
2020-07-28,1697.45,479.05,3252.55,4061.8,381.1,513.45,1714.64,1826.98,474.25,1057.8,204.95,13162.5,1424.07,579.05,3206.2,964.15,3120.45,10701.25,1178.95,507.25,37871.52
2020-08-04,1737.45,440.85,3283.05,4300.2,350.95,550.8,1658.19,1910.62,493.0,1039.45,216.7,13203.55,1417.88,575.9,3129.65,914.3,3019.55,10514.75,1142.85,499.95,38071.13
2020-08-11,1717.15,434.85,3262.55,4604.7,352.2,492.85,1649.61,1938.7,529.0,1105.5,221.55,12767.9,1592.75,588.25,3186.1,984.0,2965.2,10299.35,1170.8,504.25,37663.33
2020-08-18,1796.75,450.95,3418.6,4517.45,366.8,520.5,1653.87,1939.56,532.0,1058.15,222.75,13262.55,1603.56,605.9,3390.95,939.65,2959.95,10198.25,1158.3,532.1,38369.63
2020-08-25,1885.7,444.1,3408.75,4489.15,374.35,522.15,1634.85,1944.67,525.45,1148.1,228.2,13814.9,1576.49,626.55,3276.65,1196.6,3064.4,10039.35,1243.6,596.95,38614.79
2020-09-01,1971.05,463.4,3644.4,4437.75,389.35,568.1,1618.9,1948.0,524.95,1133.35,222.35,14254.55,1643.6,663.05,3285.25,1166.2,3054.8,10301.6,1230.2,647.45,39073.92
2020-09-08,1946.0,484.35,3670.3,4355.25,392.25,640.75,1599.42,1940.47,514.55,1121.7,213.0,12392.55,1659.04,620.65,3303.0,1202.45,2971.75,9999.1,1177.75,644.1,39086.03
2020-09-15,1978.8,431.2,3423.8,4429.35,367.75,605.45,1631.32,1970.24,509.1,1160.8,206.5,12774.45,1920.94,638.55,3314.1,1251.65,2966.15,10088.75,1207.25,640.45,38193.92
2020-09-22,2014.55,445.95,3519.75,4631.55,374.75,622.1,1619.63,2118.47,518.7,1182.45,217.45,13081.55,2001.03,671.05,3533.55,1343.55,3024.9,10081.65,1237.75,626.95,39302.85
2020-09-29,1946.5,419.8,3242.85,5100.4,351.7,527.65,1536.3,2032.5,502.75,1117.25,206.8,12395.6,1710.52,665.25,3349.35,1234.6,3054.4,9943.65,1216.65,575.1,37668.42
2020-10-06,1987.55,424.5,3277.25,5187.05,354.9,526.75,1592.47,2036.33,500.5,1200.5,216.65,13645.7,1816.35,666.6,3633.45,1238.8,3078.65,9871.55,1260.05,612.5,38067.93
2020-10-13,2103.95,453.05,3331.2,5100.5,382.95,619.8,1611.18,2057.66,511.65,1253.2,225.3,13291.75,1743.94,687.95,3461.15,1330.55,3033.9,9872.25,1276.25,620.9,39878.95
2020-10-20,2071.3,470.9,3371.5,5121.0,406.8,622.75,1566.94,2085.19,502.0,1223.35,241.75,12159.25,1804.03,702.05,3579.4,1365.35,3058.3,10017.23,1232.25,585.35,40794.74
2020-10-27,2114.35,501.5,3233.25,5046.9,420.35,628.3,1601.57,1935.6,489.7,1244.95,251.45,11822.89,1912.06,709.15,3474.45,1373.35,3257.35,9974.06,1287.75,551.95,40707.31
2020-11-03,2159.2,504.85,3370.35,4949.8,396.15,592.75,1711.99,1832.99,463.35,1217.9,255.85,11869.9,1897.9,724.45,3577.8,1326.7,3218.6,10275.39,1266.55,649.35,39922.46
2020-11-10,2169.25,525.05,3559.35,4935.0,437.25,678.1,1699.56,1744.34,504.3,1215.15,262.0,11748.65,1901.93,783.3,3549.05,1370.25,3102.45,10089.09,1306.35,667.5,40616.14
2020-11-17,2181.9,608.5,4269.0,4886.85,486.5,788.15,1669.94,1820.41,506.1,1274.65,249.9,11926.85,1986.41,841.65,3536.7,1627.55,3068.3,11195.31,1357.65,703.35,43593.67
2020-11-24,2196.0,636.2,4655.4,4703.25,497.45,828.5,1686.58,1811.57,512.9,1279.65,262.0,11431.54,2042.25,838.1,3964.3,1702.0,3083.0,10465.3,1426.2,760.9,44180.05
2020-12-01,2154.3,600.0,4689.65,4806.45,472.65,854.5,1752.61,1775.61,506.35,1305.4,256.2,12846.9,2181.98,815.45,4041.8,1590.65,3018.5,10547.59,1364.25,836.8,43828.1
2020-12-08,2316.3,608.25,4822.15,4849.35,480.45,896.7,1726.59,1784.59,545.0,1388.3,262.5,13219.71,2279.89,836.35,4205.0,1593.1,3016.45,10445.07,1506.9,828.9,44618.04
2020-12-15,2521.15,634.05,4843.0,5056.55,511.3,928.1,1756.15,1847.53,569.55,1426.5,252.85,13426.89,2370.5,823.85,4383.35,1731.65,3159.1,10782.45,1564.95,801.35,46103.5
2020-12-22,2581.9,605.9,5143.5,5039.0,512.25,924.5,1832.16,1801.41,576.4,1503.4,247.25,13242.82,2666.99,901.15,4601.15,1655.85,3112.15,11083.49,1541.95,825.5,46666.46
2020-12-29,2642.75,592.35,5088.55,5221.4,503.6,856.85,1872.34,1772.01,574.5,1490.25,237.2,12569.31,2529.53,893.35,4665.6,1649.25,3144.1,10913.07,1548.6,808.3,46444.18
2021-01-05,2733.55,624.95,5334.5,5171.45,528.45,898.8,1839.86,1819.14,584.1,1553.05,252.4,12740.31,2673.69,904.65,4777.7,1689.7,3225.15,11061.23,1573.35,793.3,47746.22
2021-01-12,2803.15,654.5,5027.95,5291.65,546.7,922.35,1851.06,1744.98,605.3,1574.3,261.1,13221.7,2889.07,945.9,5259.8,1732.5,3364.95,11114.1,1618.55,812.25,48174.06
2021-01-19,2704.5,687.75,4899.5,5291.1,556.4,942.75,1802.28,1767.72,602.1,1504.65,264.9,14690.28,2908.03,1012.45,5259.55,1633.8,3481.3,11217.31,1628.55,830.3,49492.32
2021-01-26,2697.9,675.25,4981.15,5078.65,550.8,947.55,1767.78,1873.24,594.45,1530.9,262.1,15785.16,3021.24,1020.15,5169.6,1666.4,3345.05,11226.36,1682.25,851.6,49792.12
2021-02-02,2435.95,631.9,4844.95,4908.85,522.3,820.5,1754.77,1727.75,569.8,1441.2,252.5,15447.68,2795.14,1116.05,4707.65,1590.15,3253.85,11106.93,1622.2,789.6,47409.93
2021-02-09,2452.9,733.6,5247.6,4650.75,622.25,1049.55,1715.54,1759.7,629.45,1524.4,268.95,16450.02,3175.85,1112.75,4810.05,1621.7,3305.15,11236.11,1795.0,843.25,50255.75
2021-02-16,2510.05,734.5,5478.85,4821.1,632.4,1022.15,1716.77,1800.68,627.05,1563.3,271.9,16184.65,3745.69,1136.55,5119.65,1623.65,3197.8,12397.17,1859.9,921.4,51309.39
2021-02-23,2389.2,777.45,5703.9,4601.65,657.0,1032.6,1673.99,1898.68,621.2,1460.9,286.65,15698.59,3838.19,1194.5,4916.7,1610.05,3090.55,13080.2,1870.25,1028.5,51703.83
2021-03-02,2368.8,748.75,5553.0,4441.5,641.4,1070.2,1635.17,1883.0,602.55,1447.7,268.4,14874.65,3971.34,1146.05,4936.55,1621.0,3037.6,12842.52,1903.1,1071.8,50781.69
2021-03-09,2402.25,753.65,5544.95,4500.8,631.85,1100.05,1669.48,2006.79,624.15,1474.35,282.1,15153.49,3855.38,1163.95,5050.7,1782.6,3228.15,12835.44,1916.5,1135.9,51444.65
2021-03-16,2431.9,760.45,5541.15,4498.65,625.75,1039.45,1693.67,1988.88,626.0,1471.25,292.0,14905.56,4020.75,1120.3,4869.8,1684.55,3201.55,12884.95,1905.1,1206.05,51279.51
2021-03-23,2422.65,727.85,5358.7,4356.85,589.25,1009.05,1645.81,1873.52,585.2,1472.65,280.85,14534.59,4014.99,1061.8,4761.7,1695.55,3206.9,12729.96,1820.75,1170.75,49801.62
2021-03-30,2444.2,706.45,5269.85,4351.05,567.45,959.65,1645.26,1866.36,584.9,1487.8,303.8,13931.29,3676.4,1028.95,4682.6,1734.25,3193.4,12857.4,1805.15,1106.25,49180.31
2021-04-06,2536.75,697.5,5148.9,4515.6,581.25,954.0,1717.03,1826.16,597.6,1557.4,308.85,14002.4,3672.15,1050.4,4280.55,1631.95,3198.95,12540.84,1844.0,1193.35,49509.15
2021-04-13,2627.65,688.15,5076.75,4690.25,577.55,945.45,1742.07,1825.79,620.8,1513.95,308.65,14475.9,3613.9,1058.3,4691.4,1599.65,3317.15,12756.46,1790.85,1170.65,49661.76
2021-04-20,2586.45,668.8,4660.25,4842.45,575.5,858.3,1687.19,1772.1,632.95,1537.4,295.2,13564.29,3497.1,1010.2,4580.5,1609.85,3283.1,13464.02,1816.65,1102.7,48803.68
2021-04-27,2509.55,658.85,4691.7,5199.7,579.15,835.75,1677.87,1737.59,640.25,1480.9,295.6,13427.83,3940.3,1004.6,4827.55,1541.3,3279.65,13462.59,1801.05,1122.45,48080.67
2021-05-04,2616.0,707.85,5279.15,5043.4,621.1,927.05,1662.2,1819.64,643.1,1508.25,308.85,13748.56,4172.85,1019.85,5020.85,1647.55,3553.25,13256.46,1870.45,1205.1,49733.84
2021-05-11,2567.65,717.15,5517.0,5160.6,602.65,931.35,1655.02,1750.08,683.3,1427.65,311.45,13262.1,4118.2,997.2,4838.8,1649.35,3544.8,13411.25,1836.45,1247.35,48677.55
2021-05-18,2556.1,691.3,5357.15,5302.0,594.95,917.25,1671.38,1744.43,702.65,1454.8,309.05,14207.35,3955.3,1007.85,4354.65,1680.9,3697.35,13654.25,2003.8,1220.45,48690.8
2021-05-25,2816.65,716.7,5630.6,5236.45,625.25,967.1,1744.42,1819.91,703.4,1521.85,317.65,14690.33,3920.2,1074.1,4399.7,1689.6,3541.7,13416.7,2031.35,1199.6,49902.64
2021-06-01,2941.6,735.0,5771.65,5284.9,652.55,998.15,1752.68,1795.57,703.6,1582.65,323.1,14791.51,3902.55,996.4,4520.5,1724.15,3510.3,13267.5,1995.2,1201.1,51017.52
2021-06-08,2905.35,737.05,5808.0,5312.45,648.35,1028.0,1764.59,2006.75,677.65,1585.0,331.1,15209.34,4236.85,1046.7,4527.6,1764.65,3528.3,13133.0,2089.65,1184.65,51849.48
2021-06-15,2944.1,736.55,5674.15,5221.85,635.95,1003.4,1756.22,1982.55,672.8,1729.6,334.35,15730.89,4195.85,1027.25,4677.35,1793.05,3502.6,13071.85,2079.95,1267.3,51941.64
2021-06-22,3019.0,749.5,6083.0,5405.75,639.95,1013.7,1797.24,2016.18,669.1,1714.0,338.9,15734.62,4193.35,1006.95,4896.65,1733.7,3701.25,13202.95,2026.6,1266.4,52501.98
2021-06-29,2988.5,732.4,6015.2,5299.75,624.55,999.25,1740.61,2010.21,665.15,1782.75,345.15,14972.6,4483.35,998.5,4782.75,1708.85,3584.25,13566.2,2028.25,1169.15,52306.08
2021-07-06,2990.85,748.3,6016.15,5420.35,630.85,1016.15,1767.67,1924.34,675.5,1732.1,340.65,14933.44,4421.05,980.2,4915.75,1716.95,3651.5,13307.1,2021.05,1168.6,52482.71
2021-07-13,3039.55,762.65,6198.75,5561.0,653.65,1044.6,1771.48,1923.65,680.35,1727.05,357.45,15403.75,4524.45,1021.4,5332.55,1809.5,3720.9,13351.8,2011.7,1103.6,53054.76
2021-07-20,3002.0,769.95,6133.5,5391.6,664.1,1052.3,1753.56,1901.64,685.8,1711.1,373.0,15277.33,4593.1,1022.7,5206.5,1822.55,4150.75,12964.2,2000.55,1142.85,52904.05
2021-07-27,3104.45,746.5,6198.0,5382.85,655.8,992.45,1799.52,1933.55,687.2,1702.1,400.2,15044.9,4586.4,1151.3,5225.35,1694.15,4051.7,12836.6,1976.25,1113.8,52837.21
2021-08-03,3002.9,722.7,6258.6,4730.2,685.3,992.3,1801.26,1856.83,687.55,1720.65,409.4,14920.37,4415.65,1157.6,5255.3,1667.45,4373.3,12746.95,1942.15,1102.15,52443.71
2021-08-10,3016.25,753.6,6360.95,4771.3,714.75,1019.9,1805.08,1917.64,785.65,1799.8,419.05,15361.56,4235.05,1233.75,5351.3,1662.55,4286.4,12678.75,2043.3,1172.95,54369.77
2021-08-17,2972.05,760.85,6162.8,4744.3,693.45,1041.15,1816.41,1929.08,779.35,1789.4,398.25,14223.45,4198.7,1236.75,5375.05,1640.85,4447.35,12399.25,2191.4,1186.6,54525.93
2021-08-24,3003.4,754.55,6544.45,4685.85,688.4,989.4,1891.0,1979.63,782.95,1879.8,409.4,13892.93,4099.35,1234.15,5482.1,1697.45,4524.65,12807.0,2226.7,1264.05,55629.49
2021-08-31,3038.95,738.9,6942.85,4552.9,690.9,1006.1,1990.74,2007.66,768.75,1822.05,397.05,13781.11,3825.85,1204.25,5795.95,1717.0,4711.5,13126.5,2189.45,1293.45,55944.21
2021-09-07,3303.1,798.5,7522.9,4763.95,719.2,998.6,1983.26,2069.15,788.3,1939.25,421.5,13925.97,4142.7,1344.75,6215.0,1916.0,4653.5,13756.25,2285.55,1358.3,57338.21
2021-09-14,3331.2,794.65,7462.4,4910.25,720.7,999.3,1987.66,2215.78,777.2,2056.9,435.95,14184.88,4310.35,1432.65,6715.25,1950.65,4711.2,13764.05,2210.4,1383.2,58250.26
2021-09-21,3352.2,791.5,7414.75,4965.0,714.1,1053.85,2011.82,2168.7,780.25,2119.3,437.05,14491.2,4271.75,1451.2,6667.2,1977.45,4866.85,13949.25,2208.75,1386.6,58723.2
2021-09-28,3319.25,788.4,7790.75,4847.85,703.4,1142.05,1992.98,2215.78,769.75,2083.85,419.5,15208.1,4163.15,1420.45,6797.65,2188.3,4672.9,14072.55,2161.95,1488.5,58927.33
2021-10-05,3322.0,781.45,7516.45,4881.15,709.75,1123.65,1947.24,2303.89,811.55,2147.65,406.45,15542.74,4465.4,1367.85,6441.8,2009.3,4533.65,13697.35,2127.55,1381.05,59413.27
2021-10-12,3210.2,778.85,7736.65,4957.0,690.05,1131.5,1917.19,2333.93,800.75,2146.8,394.9,17171.89,4834.75,1369.4,6565.45,1929.3,4660.25,13856.0,2195.45,1289.15,59189.73
2021-10-19,3321.75,794.2,7927.7,4931.3,709.8,1183.8,1931.88,2457.64,842.5,2537.1,404.0,17800.68,5503.9,1409.7,6805.9,2017.55,4743.8,13715.15,2249.3,1377.55,60737.05
2021-10-26,3168.65,804.85,7761.65,4757.45,745.55,1201.1,1927.37,2461.28,814.75,2412.35,392.75,17040.64,5209.35,1406.7,6917.0,2011.95,4684.5,14318.0,2210.7,1380.25,61259.96
2021-11-02,3094.2,787.35,7480.35,4659.45,835.35,1141.85,1900.41,2399.98,825.35,2460.35,381.85,16836.0,5146.25,1276.7,6216.45,2010.25,4663.5,14054.75,2171.15,1422.65,61143.33
2021-11-09,3162.95,750.7,7510.3,4768.65,785.75,1178.35,1872.72,2264.33,788.0,2417.65,412.9,17626.94,5561.7,1290.7,6048.9,2164.45,4409.55,14459.25,2311.3,1605.85,59771.92
2021-11-16,3108.4,749.25,7575.15,4828.95,780.8,1032.25,1895.44,2324.08,810.25,2483.45,428.35,18670.04,5527.3,1347.05,6131.75,2136.85,4490.15,14453.9,2389.7,1712.7,60352.82
2021-11-23,3229.8,712.15,7603.5,4768.45,761.25,1034.05,1946.22,2246.28,791.0,2497.05,409.15,18776.93,5449.1,1375.25,6545.0,2332.0,4476.35,15042.0,2353.35,1735.4,60008.33
2021-11-30,3158.7,685.15,7163.5,4600.9,760.2,971.45,1910.55,2143.13,778.35,2376.2,393.5,16903.49,5077.55,1372.55,5968.9,2141.75,4159.4,15106.2,2276.4,1708.15,58340.99
2021-12-07,3137.55,679.8,7039.5,4607.25,728.25,934.25,1938.85,2248.88,745.35,2359.5,371.4,16226.79,5077.75,1361.0,5948.45,1902.8,4134.6,15124.95,2142.5,1642.35,57684.79
2021-12-14,3109.2,696.95,7363.45,4571.2,753.4,945.5,1947.62,2203.75,757.55,2405.1,376.95,16592.85,5377.4,1417.95,5739.8,1986.8,4227.35,14984.9,2228.15,1674.3,58649.68
2021-12-21,3304.7,712.5,6849.8,4600.5,752.6,938.35,1915.13,2162.82,775.55,2323.1,378.9,16587.28,5584.75,1351.35,5478.4,1962.8,4184.6,15020.4,2483.75,1626.75,57788.03
2021-12-28,3280.7,669.4,6773.75,4652.6,732.9,871.75,1918.43,2156.85,797.1,2300.4,363.75,16360.52,5413.25,1371.45,5284.55,1915.55,3995.8,14653.8,2368.2,1656.55,56930.56
2022-01-04,3369.0,670.3,6912.15,4830.55,735.65,869.65,1940.4,2190.67,838.3,2401.55,375.8,16574.06,5554.8,1393.8,5463.3,2008.15,3936.8,15169.0,2380.35,1738.45,57806.49
2022-01-11,3526.45,726.8,7668.55,4789.7,787.6,903.9,1992.51,2248.1,835.1,2576.4,393.7,17226.55,5312.95,1400.1,5617.95,1977.75,4043.7,15492.05,2324.35,1901.3,60223.15
2022-01-18,3544.35,746.65,7773.05,4690.8,824.1,942.0,1970.01,2297.83,836.2,2612.5,397.9,17298.81,5266.0,1355.85,5633.05,2089.0,4198.15,16121.95,2349.05,1832.5,61150.04
2022-01-25,3281.1,729.6,7570.3,4689.3,808.35,893.0,1890.33,2298.56,838.05,2589.6,374.85,16866.41,5259.2,1308.75,5016.7,2079.5,3996.15,15995.3,2380.35,1794.45,60098.82
2022-02-01,3117.25,773.1,6839.1,4256.45,794.0,888.25,1839.19,2131.6,812.2,2310.45,351.65,16133.86,4390.55,1145.25,4394.15,1862.6,3419.55,14593.9,2278.7,1679.8,57276.94
2022-02-08,3197.9,803.95,7247.4,4415.3,813.8,973.4,1849.39,2172.85,889.1,2464.1,380.0,16595.33,4628.4,1209.95,5115.1,1947.55,3742.35,14785.6,2439.05,1746.65,59558.33
2022-02-15,3228.4,803.75,7115.7,4366.5,802.7,966.25,1812.7,2173.26,886.15,2485.7,382.8,16121.09,4485.0,1223.9,4913.1,2253.8,3723.6,15336.0,2417.4,1772.65,58465.97
2022-02-22,3258.15,797.15,7072.9,4320.05,765.35,968.15,1824.43,2199.15,869.15,2487.85,360.7,15899.01,4272.9,1206.4,4580.15,2170.95,3671.9,15588.85,2394.3,1665.65,57996.68
2022-03-01,3239.6,777.2,7050.2,4198.75,744.7,950.7,1794.94,2164.0,840.25,2491.1,330.95,15854.03,4237.45,1201.25,4411.8,2039.4,3513.25,15658.25,2396.5,1574.1,57232.06
2022-03-08,3028.8,750.25,6830.2,3854.15,714.7,905.35,1784.01,2186.43,819.75,2592.55,304.15,15424.02,4280.8,1148.85,4568.55,1805.05,3370.05,15599.6,2372.2,1516.25,55468.9
2022-03-15,2875.1,674.3,6473.0,3924.85,667.15,875.45,1714.73,2145.77,867.85,2432.9,291.65,14137.38,4092.35,1092.65,4563.7,1709.1,3421.05,14752.3,2280.8,1503.55,54647.33
2022-03-22,3041.6,723.7,6840.1,3942.65,708.05,928.2,1780.4,2190.85,888.8,2586.95,309.35,13995.65,4413.2,1136.35,4474.5,1899.8,3533.3,15318.75,2359.2,1530.5,56816.65
2022-03-29,3016.15,726.65,6998.15,4125.15,718.2,931.4,1734.91,2315.24,900.55,2689.4,297.85,14102.24,4386.4,1141.35,4626.25,1832.8,3559.6,15297.95,2296.05,1578.2,57684.82
2022-04-05,3080.15,750.2,7254.0,4350.65,730.05,926.45,1729.56,2436.76,920.35,2523.55,303.05,14370.29,4366.3,1150.9,4619.35,1989.35,3551.75,14009.6,2343.45,1663.65,58683.99
2022-04-12,3155.05,773.6,7336.95,4272.45,740.75,967.65,1820.76,2387.85,927.85,2541.25,320.7,14908.29,4592.35,1251.85,4728.85,1979.25,3685.05,14448.6,2458.65,1681.1,59610.41
2022-04-19,3080.9,792.95,7328.45,4297.8,762.35,983.55,1834.39,2326.86,936.45,2461.65,369.2,14473.06,4431.85,1273.7,4753.85,1899.2,3568.15,14509.55,2467.0,1744.15,58338.93
2022-04-26,3083.2,794.75,7032.35,4291.45,755.55,972.3,1831.37,2478.15,923.05,2483.55,371.3,14283.58,4221.1,1299.35,4643.05,1896.35,3518.5,14445.35,2383.8,1728.55,57037.5
2022-05-03,3148.3,766.1,6716.65,4074.05,737.05,979.45,1822.62,2532.39,905.4,2491.55,384.55,14298.88,4314.95,1316.0,4480.4,1791.3,3504.0,13903.2,2260.6,1833.1,56819.39
2022-05-10,3100.2,706.75,6340.9,3989.25,723.9,978.4,1809.87,2455.13,900.7,2288.4,368.1,14079.68,3810.45,1253.0,4225.4,1801.75,3431.25,13450.3,2200.25,1862.5,55669.03
2022-05-17,3054.1,672.45,5806.45,3886.0,714.15,923.2,1650.6,2233.24,855.6,2114.7,359.05,13312.49,3511.8,1229.25,3670.2,1678.9,3534.95,13484.95,2317.4,1666.6,54088.39
2022-05-24,3100.1,659.3,5817.05,3908.1,707.05,902.9,1635.52,2314.42,899.4,2166.5,361.1,14099.66,3504.4,1242.5,3604.05,1696.4,3223.5,13012.25,2350.25,1669.3,54208.53
2022-05-31,2838.4,664.8,5826.85,4304.95,713.45,893.55,1728.31,2380.38,911.15,2112.0,361.7,13654.99,3345.2,1229.45,3375.25,1645.65,3082.95,13233.15,2346.55,1552.4,53749.26
2022-06-07,2853.1,686.5,6010.0,4318.65,752.7,927.4,1723.85,2399.57,839.8,2197.5,371.65,14448.51,3892.3,1191.15,4080.3,1825.55,3284.35,14106.05,2419.05,1599.95,55381.17
2022-06-14,2705.55,658.9,5952.05,4199.9,729.5,913.9,1673.55,2483.53,846.85,2128.5,363.05,14023.28,3592.95,1109.1,3697.25,1802.5,3240.85,13851.1,2363.0,1553.2,54892.49
2022-06-21,2660.65,650.5,5484.85,4336.75,687.3,842.95,1682.23,2366.84,821.75,2104.6,361.95,13786.48,3465.45,1113.6,3643.75,1735.5,3084.1,13371.65,2382.45,1554.15,52541.39
2022-06-28,2668.25,626.85,5440.3,4250.6,686.7,777.3,1678.06,2283.79,809.0,2030.3,357.95,13355.83,3365.7,1101.25,3646.65,1646.85,3035.6,13288.3,2274.2,1513.7,51822.53
2022-07-05,2698.65,625.8,5510.45,4363.3,702.95,807.55,1749.88,2351.11,838.15,1936.0,365.5,15428.25,3650.9,1098.6,3779.75,1615.2,3135.85,13354.45,2405.7,1798.8,53026.97
2022-07-12,2861.75,658.05,5917.6,4393.8,726.05,836.6,1839.77,2198.78,837.7,2013.4,368.25,16009.28,3668.75,1197.2,3907.05,1662.15,3095.0,14076.55,2647.85,1975.75,53750.97
2022-07-19,2941.4,679.9,5877.85,4503.15,753.1,817.75,1825.64,2167.19,860.5,2110.65,371.2,16267.44,3820.8,1228.55,3882.05,1737.7,3200.75,14105.8,2639.7,1991.3,53514.15
2022-07-26,3011.75,705.05,6070.3,4457.45,782.7,878.9,1860.85,2280.33,867.25,2270.8,367.85,16387.1,3933.65,1223.25,4131.0,1766.4,3258.8,13935.1,2676.35,2194.9,55397.53
2022-08-02,3185.45,718.95,6393.75,4285.35,800.45,979.5,1854.46,2205.44,895.5,2302.2,370.85,16429.7,3700.25,1221.0,3916.8,1772.1,3050.45,14151.85,2690.3,2107.85,55816.32
2022-08-09,3439.7,730.3,7292.95,4094.6,824.7,1058.2,1937.09,2375.5,896.9,2414.5,381.75,17299.85,3755.3,1279.45,4301.55,1976.65,3325.6,14868.6,2614.65,2116.65,58350.53
2022-08-16,3412.45,738.85,7147.75,4242.4,848.5,1062.0,1976.52,2353.76,919.35,2431.85,380.05,17234.3,3845.95,1309.0,4240.05,2038.3,3337.6,14502.5,2807.8,2318.55,58817.29
2022-08-23,3521.8,772.0,7524.9,4319.6,883.2,1088.75,1972.94,2428.97,920.45,2492.15,398.3,17957.1,4006.15,1348.5,4481.8,2050.55,3371.3,14667.6,2896.2,2234.25,60260.13
2022-08-30,3376.85,750.9,7174.8,4217.4,872.55,1101.6,1967.28,2405.81,881.55,2460.35,404.15,17260.95,4090.9,1299.1,4421.2,1970.7,3242.7,14200.85,2890.8,2059.8,59085.43
2022-09-06,3446.9,744.25,7180.9,4204.2,874.45,1111.0,1973.62,2333.93,871.65,2623.0,409.8,17663.05,4071.8,1384.95,4257.65,2038.35,3104.05,13997.6,2920.85,2261.15,58766.59
2022-09-13,3399.35,755.5,7162.05,4251.25,876.4,1089.9,1917.88,2353.03,893.3,2637.9,448.9,17309.85,4362.8,1367.4,4194.75,1977.7,3074.65,14430.45,2940.9,2587.9,59028.91
2022-09-20,3438.8,801.35,7479.7,4218.4,918.2,1216.4,1909.88,2359.09,884.15,2699.9,524.6,17519.4,4598.1,1368.7,4235.0,1905.05,3140.2,14607.3,3108.6,2623.85,60346.97
2022-09-27,3354.7,805.95,7688.95,4149.5,915.35,1223.9,1863.14,2287.48,905.2,2665.15,541.35,16671.7,4492.45,1314.3,4072.25,1877.55,3013.0,14631.95,2912.7,2742.65,59456.78
2022-10-04,3571.2,716.35,7202.15,4267.2,849.2,1141.45,1886.03,2125.99,918.15,2575.3,500.05,15659.25,4253.0,1319.3,3879.25,1819.7,2949.9,14228.45,2700.2,2641.9,56598.28
2022-10-11,3328.55,755.2,7401.2,4398.7,885.35,1200.7,1929.67,2208.54,953.6,2593.7,506.9,15945.6,4433.05,1352.55,4009.4,1816.3,3038.55,13913.0,2800.45,2763.95,58222.1
2022-10-18,3247.6,808.4,7223.0,4241.35,867.75,1187.3,1872.13,2165.14,955.55,2618.5,505.45,15660.5,4278.5,1270.2,3781.0,1747.2,2917.45,13893.25,2769.95,2648.8,57625.91
2022-10-25,3214.1,829.65,7378.4,4316.65,891.7,1218.35,1975.46,2275.86,976.55,2644.4,510.7,15676.55,4272.65,1248.65,3865.25,1781.2,2955.5,13827.8,2885.85,2832.6,59107.19
2022-11-01,3044.6,915.25,6967.85,4489.55,924.2,1142.25,2010.12,2233.56,1011.6,2700.95,527.6,15743.15,4409.15,1186.5,3927.1,1741.25,2904.85,14140.25,2879.75,2737.4,59756.84
2022-11-08,3131.3,863.2,7155.45,4555.85,904.45,1138.45,2038.79,2320.44,1051.75,2724.2,545.0,16578.3,4568.25,1220.2,3987.75,1805.5,2980.2,14114.6,2908.8,2843.45,60906.09
2022-11-15,3087.1,874.35,7145.5,4540.6,911.15,1149.45,2032.27,2372.95,1012.75,2718.0,564.5,17223.6,4539.85,1203.05,3882.8,1718.75,3027.65,13930.2,2916.4,2713.1,61033.55
2022-11-22,3083.8,854.65,6891.85,4477.65,913.65,1143.85,2009.7,2362.78,1021.1,2643.45,577.2,16674.75,4530.55,1232.55,4147.8,1770.9,3081.9,14004.15,2880.1,2599.6,61980.72
2022-11-29,3101.4,874.85,6779.6,4407.2,927.0,1173.45,1954.68,2330.51,1017.75,2603.05,562.9,16647.65,4382.95,1240.8,3848.1,1893.35,3055.7,14096.35,2769.75,2582.15,61510.58
2022-12-06,3182.3,901.5,6723.1,4485.95,953.4,1167.35,2010.59,2490.91,1044.35,2649.95,570.75,17004.4,4251.9,1253.55,3993.6,1937.45,3107.85,14187.65,2774.95,2771.35,63099.65
2022-12-13,3226.65,914.7,6625.9,4362.4,922.1,1164.65,1991.02,2415.7,1017.25,2596.2,582.0,17089.5,4263.7,1205.75,3970.45,1973.15,3108.85,14407.75,2905.35,2943.85,62410.68
2022-12-20,3147.85,942.3,6652.5,4503.3,921.0,1253.2,2005.32,2383.8,999.95,2589.85,582.2,17586.75,4121.9,1155.25,4198.8,2015.7,3094.25,14060.1,3028.4,2979.45,62677.91
2022-12-27,3070.95,932.35,6526.35,4410.5,892.35,1201.8,2032.09,2355.99,1005.55,2489.4,539.2,17410.2,3940.75,1156.3,4146.35,2016.25,3024.4,13967.35,2884.45,2900.2,61067.24
2023-01-03,3124.0,924.95,6487.6,4253.25,898.7,1214.15,1985.06,2319.57,995.05,2581.2,518.4,17289.25,3925.7,1110.8,3933.35,2015.2,3002.95,14143.45,2861.15,2785.85,60910.28
2023-01-10,3016.05,957.4,6573.6,4254.85,898.95,1222.75,1953.46,2295.6,1004.1,2595.7,518.85,16857.4,3864.05,1148.75,3827.05,2003.1,3014.4,14050.8,2815.45,2781.1,60657.45
2023-01-17,2940.15,950.0,5894.2,4263.3,867.85,1213.25,1976.35,2302.3,1028.25,2437.6,508.1,17350.95,3705.3,1188.4,3655.6,2107.35,3048.6,13924.25,2941.0,2642.9,60105.5
2023-01-24,2945.85,924.1,6000.3,4361.95,869.45,1222.5,1982.15,2255.89,1039.55,2423.95,520.45,17063.0,3516.75,1202.8,3748.85,2084.25,3114.65,13864.7,3064.65,2638.25,61045.74
2023-01-31,2774.0,891.7,5796.9,4204.55,855.3,1156.2,1925.77,2172.34,1039.95,2356.45,460.2,16720.35,3363.8,1180.5,3668.25,2109.25,3083.5,13533.15,2995.3,2570.15,60205.06
2023-02-07,2743.7,857.15,5817.45,4350.5,846.65,1041.6,1907.62,2131.41,1014.15,2347.15,334.1,17118.05,2806.6,1198.0,3630.0,2084.9,3025.7,13819.8,2945.1,2616.9,59708.08
2023-02-14,2765.55,872.1,6352.85,4486.3,858.7,1145.65,1900.14,2143.95,1013.4,2465.1,384.65,17447.45,2703.95,1230.3,3787.45,2040.2,3169.6,13645.55,3121.0,2545.0,60663.79
2023-02-21,2788.95,867.8,6486.0,4519.25,870.8,1149.7,1924.58,2215.33,995.2,2524.1,344.85,17855.25,2701.55,1218.15,3576.1,1986.05,3165.05,13688.2,3229.4,2431.6,61275.09
2023-02-28,2795.9,833.15,6198.6,4475.2,838.35,1092.75,1866.63,2168.74,968.35,2424.45,335.4,18311.95,2644.2,1201.65,3503.05,1834.85,3164.85,13527.65,3251.5,2515.55,59744.98
2023-03-07,2841.4,865.25,6156.8,4346.95,856.05,1100.35,1879.52,2136.15,958.9,2382.2,353.6,18302.25,2929.9,1214.55,3510.85,1843.7,3162.75,13913.3,3257.15,2782.95,59411.08
2023-03-14,2859.4,860.45,5995.15,4425.25,872.25,1174.4,1850.31,2203.89,957.2,2396.7,392.1,18723.95,2917.15,1221.9,3501.6,1901.8,3236.2,13889.65,3287.45,2793.9,60348.09
2023-03-21,2829.4,823.7,5729.2,4396.85,825.15,1044.25,1800.28,2039.16,951.5,2398.05,365.15,18043.6,2828.25,1186.4,3381.45,1867.25,3200.15,13429.95,3280.6,2680.75,57555.9
2023-03-28,2839.75,849.5,5833.85,4476.0,859.9,1031.25,1881.42,2075.44,971.95,2507.7,375.55,18424.2,2886.4,1192.7,3511.65,1888.75,3211.7,13958.2,3307.4,2483.6,58214.59
2023-04-04,2769.0,843.0,5628.65,4564.5,851.0,1056.95,1906.35,2037.7,990.7,2516.35,363.9,18977.15,2793.55,1179.6,3602.1,1825.35,3232.9,13311.2,3325.85,2570.65,57960.09
2023-04-11,2808.65,860.75,5765.65,4684.45,884.4,1065.55,1979.96,2119.97,996.75,2572.7,379.95,19142.6,2929.15,1200.9,3742.0,1927.75,3265.95,14136.65,3351.15,2597.1,59689.31
2023-04-18,2786.85,850.85,5852.3,4877.75,889.95,1075.05,1944.6,2139.03,1016.5,2587.1,396.05,18765.5,2926.4,1181.85,3860.3,1880.05,3312.5,14201.7,3334.65,2635.65,60392.77
2023-04-25,2809.0,873.15,5947.9,4908.95,891.75,1119.95,2060.46,2143.81,995.4,2566.05,380.05,18686.2,3010.4,1215.6,3613.7,1968.85,3289.85,14075.65,3261.75,2722.25,59567.8
2023-05-02,2909.25,887.8,6054.8,4844.2,914.85,1138.2,2100.26,2153.29,971.35,2640.65,386.45,18961.1,2832.6,1219.9,3652.35,2017.55,3467.25,14079.6,3447.65,2513.9,60300.58
2023-05-09,2929.35,859.9,6178.2,4951.55,923.05,1145.35,2186.52,2205.94,963.45,2654.35,383.65,19317.6,2908.25,1241.3,3792.4,2164.1,3646.8,13941.6,3540.9,2545.95,61193.3
2023-05-16,3040.65,890.05,6631.2,4868.0,936.2,1172.75,2206.05,2275.68,953.8,2744.55,408.3,19354.75,2892.25,1255.7,3920.15,2223.65,3492.6,13714.75,3714.45,2725.25,61940.2
2023-05-23,3093.0,915.0,6708.05,4478.15,939.4,1235.65,2173.09,2223.26,936.05,2762.5,406.3,19135.65,2961.1,1269.2,3836.2,2300.2,3560.85,13840.5,3891.2,2707.4,61560.64
2023-05-30,3102.0,918.95,6784.7,4520.45,940.4,1272.5,2138.84,2221.66,952.25,2707.0,422.3,18751.25,3514.3,1273.35,3878.1,2269.0,3573.1,13528.0,3431.0,2685.45,61773.78
2023-06-06,3198.2,914.7,6992.7,4503.8,948.45,1286.65,2169.36,2255.99,976.55,2822.4,423.6,18568.4,3878.75,1307.95,4073.85,2372.5,3633.6,13530.3,3551.65,2862.95,62622.24
2023-06-13,3223.85,976.4,7080.4,4671.2,939.95,1311.05,2238.01,2276.82,1014.25,2904.65,455.75,18973.6,3922.55,1345.85,4184.35,2419.9,3592.85,13777.25,3653.9,2899.95,63142.96
2023-06-20,3269.15,977.75,7096.1,4694.45,939.75,1323.4,2272.45,2327.0,986.5,2905.25,464.6,19072.3,4373.1,1360.95,4309.8,2356.0,3884.45,13977.55,3763.2,2834.2,63228.51
2023-06-27,3314.55,965.85,7203.25,4908.5,924.7,1286.75,2286.41,2337.03,991.75,2969.75,448.1,19201.7,4587.1,1339.4,4474.1,2470.3,3908.1,13933.95,3802.25,3171.55,63523.15
2023-07-04,3347.15,978.3,7090.35,5109.1,937.45,1334.0,2273.66,2305.81,1022.4,3024.95,434.25,18721.45,4361.95,1289.45,4431.7,2621.1,3835.25,14496.8,3764.75,3147.2,63915.42
2023-07-11,3374.15,966.55,7837.7,5176.65,958.15,1399.95,2288.2,2356.36,1044.6,3100.05,432.4,19162.55,4206.1,1287.1,4441.05,2654.6,3862.9,14657.8,3710.0,3156.75,65446.04
2023-07-18,3407.2,949.95,7430.8,5188.35,943.65,1371.35,2305.6,2521.72,1077.7,3095.45,421.55,19515.95,4336.3,1290.7,4460.7,2725.55,3809.25,14902.05,3828.85,3282.5,65393.9
2023-07-25,3516.8,964.05,7582.25,5221.6,973.65,1419.1,2293.72,2589.0,1081.75,2996.45,419.3,19101.2,4330.5,1364.0,4679.5,2700.5,3957.1,15952.55,3710.35,3194.2,67097.44
2023-08-01,3371.85,976.85,7431.05,5476.5,996.55,1427.75,2280.45,2525.7,1111.8,3008.5,443.5,19142.2,4087.2,1300.4,4540.3,2539.85,3797.95,15555.55,3763.3,3115.5,66707.2
2023-08-08,3363.25,945.65,7202.4,5650.0,987.6,1381.1,2287.5,2486.35,1136.25,2978.45,460.9,18262.25,4127.3,1312.15,4571.75,2565.3,3852.05,15697.15,3819.0,3047.4,65782.78
2023-08-15,3330.4,950.3,7123.7,5866.4,972.6,1407.2,2220.69,2523.55,1152.25,2955.4,462.65,18310.3,4901.35,1312.05,4690.35,2587.55,3979.95,15486.5,3732.1,2932.85,65995.81
2023-08-22,3193.8,933.4,6979.45,5868.45,956.0,1381.05,2195.28,2574.9,1143.6,3009.35,437.2,18185.75,4753.1,1269.85,4323.8,2458.65,4099.05,15845.5,3607.35,2792.35,65539.42
2023-08-29,3168.7,978.8,7118.45,5954.0,966.25,1400.65,2218.86,2523.15,1122.85,3068.0,453.3,18371.55,4996.8,1339.8,4152.0,2497.45,3957.65,15600.8,3718.35,2790.65,65433.3
2023-09-05,3294.3,982.55,7262.85,5645.5,958.4,1393.45,2219.68,2418.3,1113.65,3078.35,444.05,18626.45,4958.1,1353.95,4369.65,2454.9,4039.3,15798.35,3866.85,2837.75,65087.25
2023-09-12,3223.85,965.25,7383.65,5581.15,957.6,1408.15,2198.84,2428.1,1142.25,3175.25,437.75,19275.15,4998.15,1353.0,4492.75,2461.9,4206.9,16395.5,3944.8,3146.3,65880.52
2023-09-19,3276.55,1015.2,7475.5,5740.85,989.75,1455.65,2218.66,2452.75,1148.0,3262.85,443.9,19362.1,5062.1,1398.5,4396.05,2447.3,4209.5,17322.0,3828.65,3264.8,67466.99
2023-09-26,3215.55,1027.25,7541.2,5611.05,987.05,1440.7,2267.76,2382.1,1152.8,3307.25,428.15,19315.4,4877.55,1413.2,4464.9,2401.9,4220.85,17497.15,3774.1,3361.5,66800.84
2023-10-03,3300.7,1025.1,7838.65,5494.85,943.15,1436.8,2286.27,2369.1,1140.1,3213.9,430.45,19218.55,5285.35,1406.65,4239.15,2388.15,4166.5,18367.6,3725.55,3099.4,66118.69
2023-10-10,3169.55,994.4,7854.5,5413.25,930.7,1401.5,2298.86,2314.3,1121.75,3166.7,429.65,18742.35,5216.45,1393.6,4058.65,2385.0,4041.85,17773.15,3501.4,3005.6,65226.04
2023-10-17,3163.55,1019.3,8098.4,5567.25,952.65,1421.15,2319.8,2345.0,1128.6,3279.7,445.1,19698.1,5254.7,1390.95,4265.3,2533.15,4161.9,17761.3,3558.5,2924.3,66473.05
2023-10-24,3096.05,992.95,7871.1,5675.85,943.5,1420.8,2326.97,2323.6,1152.55,3283.05,433.0,20121.1,5475.3,1340.35,4204.5,2571.55,4132.1,17274.55,3492.35,2993.8,65877.02
2023-10-31,3061.1,955.35,7693.35,5512.25,916.05,1412.7,2424.81,2258.0,1120.45,3188.7,417.95,19696.0,5445.6,1267.15,4080.65,2428.95,3959.55,17181.75,3432.85,2947.85,64049.06
2023-11-07,2935.35,971.45,7473.25,5347.6,914.4,1431.8,2386.93,2296.65,1116.15,3173.85,406.65,19358.4,5181.3,1240.75,4096.65,2418.8,3916.05,17816.1,3325.65,3105.25,63591.33
2023-11-14,3092.9,1020.7,7458.8,5441.45,934.65,1488.45,2427.84,2336.6,1176.1,3311.2,421.0,19646.95,5357.3,1252.05,4505.8,2577.35,4080.25,17570.05,3423.9,3252.3,64975.61
2023-11-21,3115.1,1041.3,7223.95,5419.35,940.6,1494.2,2417.76,2356.9,1180.8,3296.3,418.15,19722.4,5254.25,1262.05,4743.6,2543.35,4051.45,18186.1,3495.5,3186.5,65675.93
2023-11-28,3132.6,998.2,7125.9,5663.25,922.6,1470.6,2434.49,2387.75,1204.3,3429.65,414.25,20821.3,5412.2,1306.0,4741.45,2604.35,4082.85,17907.85,3549.0,3730.35,66023.24
2023-12-05,3149.85,1060.4,7129.75,5715.55,939.35,1483.95,2406.55,2400.5,1200.85,3427.25,435.65,21663.9,5398.5,1288.05,4547.65,2689.55,4022.75,17280.75,3635.75,3453.25,66901.91
2023-12-12,3252.0,1120.2,7426.5,5727.95,1002.95,1499.6,2496.18,2460.7,1239.95,3546.8,501.1,21592.55,5980.2,1324.45,4758.0,2872.15,4111.25,17444.35,3851.95,3334.25,69653.73
2023-12-19,3244.35,1115.05,7258.5,5593.8,1014.15,1506.95,2504.55,2433.4,1232.75,3602.4,509.05,21949.6,6290.65,1327.3,4813.65,2981.15,4069.95,17176.65,3934.4,3763.7,69584.6
2023-12-26,3306.55,1110.3,7489.35,5574.9,1006.25,1556.0,2509.22,2527.35,1231.65,3553.05,490.45,21494.15,6268.95,1335.6,4997.45,2859.35,4187.1,17052.85,3909.15,3559.75,70506.31
