Date,Price,Open,High,Low,,
12/29/2023,4212.80,4194.90,4257.45,4175.15,,
12/28/2023,4197.55,4210.95,4210.95,4175.00,,
12/27/2023,4194.50,4167.00,4200.00,4157.50,,
12/26/2023,4158.70,4239.90,4243.95,4149.60,,
12/22/2023,4212.15,4220.00,4234.95,4151.00,,
12/21/2023,4197.00,4130.00,4220.00,4120.00,,
12/20/2023,4187.10,4383.70,4397.55,4167.10,,
12/19/2023,4373.70,4370.00,4387.95,4339.40,,
12/18/2023,4375.30,4379.85,4397.40,4327.40,,
12/15/2023,4360.75,4207.70,4374.95,4178.25,,
12/14/2023,4166.00,4114.80,4219.90,4110.00,,
12/13/2023,4069.95,4078.50,4135.00,4044.35,,
12/12/23,4108.80,4199.15,4265.95,4096.20,,
12/11/23,4212.95,4115.00,4242.45,4115.00,,
12/08/23,4131.35,4140.00,4180.00,4110.00,,
12/07/23,4134.15,4125.00,4162.00,4083.05,,
12/06/23,4111.25,4070.00,4152.45,4038.80,,
12/05/23,4031.30,4071.90,4071.90,3968.00,,
12/04/23,4052.00,4075.00,4075.00,4025.05,,
12/01/23,4043.30,4031.00,4080.00,4004.00,,
11/30/2023,4011.00,4039.00,4133.00,3989.00,,
11/29/2023,4022.75,4026.55,4043.80,3991.05,,
11/28/2023,4025.90,4049.90,4049.90,3957.75,,
11/24/2023,4031.15,4100.00,4120.00,4019.50,,
11/23/2023,4095.05,4100.00,4134.40,4063.30,,
11/22/2023,4082.85,4140.00,4185.00,4046.35,,
11/21/2023,4153.70,4240.00,4252.75,4144.50,,
11/20/2023,4195.00,4180.05,4244.75,4175.00,,
11/17/2023,4180.00,4149.90,4253.85,4140.00,,
11/16/2023,4139.70,4052.40,4150.20,4015.20,,
11/15/2023,4051.45,4024.95,4065.00,4012.00,,
11/13/2023,3998.25,4034.95,4043.90,3987.05,,
11/12/23,4035.00,4019.00,4074.00,4019.00,,
11/10/23,4019.15,4032.05,4074.00,4005.05,,
11/09/23,4060.55,4100.00,4110.00,4046.80,,
11/08/23,4080.25,3986.00,4089.40,3930.00,,
11/07/23,3960.95,3999.00,4000.00,3932.05,,
11/06/23,3981.60,3967.95,4000.30,3945.00,,
11/03/23,3933.90,3920.20,3987.35,3920.20,,
11/02/23,3909.20,3937.10,3944.90,3890.00,,
11/01/23,3916.05,3879.95,3949.10,3871.25,,
10/31/2023,3877.65,3904.00,3920.55,3869.25,,
10/30/2023,3885.30,3949.00,3968.85,3877.60,,
10/27/2023,3932.55,3955.00,3955.00,3897.25,,
10/26/2023,3902.60,3950.00,3950.00,3868.80,,
10/25/2023,3959.55,3938.00,3985.00,3913.05,,
10/23/2023,3933.90,3925.00,3980.00,3901.20,,
10/20/2023,3926.80,4012.30,4029.90,3897.00,,
10/19/2023,4011.45,4071.00,4071.00,3969.25,,
10/18/2023,4132.10,4190.00,4204.90,4105.95,,
10/17/2023,4170.50,4144.00,4185.00,4119.70,,
10/16/2023,4106.50,4115.00,4147.45,4089.25,,
10/13/2023,4100.15,4077.25,4138.00,4073.25,,
10/12/23,4099.20,4162.00,4250.00,4080.05,,
10/11/23,4161.90,4180.00,4263.60,4141.25,,
10/10/23,4161.60,4099.90,4185.00,4063.25,,
10/09/23,4093.25,4094.00,4171.75,4069.25,,
10/06/23,4102.20,4045.00,4108.75,4020.10,,
10/05/23,4017.40,4062.00,4084.95,4001.00,,
10/04/23,4041.85,4085.00,4108.70,4003.25,,
10/03/23,4087.15,4120.00,4158.00,4064.75,,
09/29/2023,4110.85,4061.25,4145.00,4059.25,,
09/28/2023,4067.30,4189.90,4198.90,4059.25,,
09/27/2023,4166.50,4142.00,4182.00,4128.20,,
09/26/2023,4132.45,4132.05,4218.85,4125.25,,
09/25/2023,4133.25,4195.35,4217.40,4117.25,,
09/22/2023,4195.30,4254.40,4281.85,4187.25,,
09/21/2023,4254.40,4200.00,4284.15,4195.25,,
09/20/2023,4220.85,4253.00,4253.00,4179.25,,
09/18/2023,4253.85,4319.85,4332.60,4241.70,,
09/15/2023,4298.95,4270.00,4398.30,4270.00,,
09/14/2023,4272.70,4231.70,4298.00,4220.00,,
09/13/2023,4209.50,4198.95,4234.60,4097.25,,
09/12/23,4288.35,4425.00,4425.00,4227.25,,
09/11/23,4396.55,4369.80,4528.45,4347.85,,
09/08/23,4347.75,4290.00,4363.55,4254.50,,
09/07/23,4270.45,4209.90,4286.90,4176.80,,
09/06/23,4206.90,4210.00,4233.95,4190.05,,
09/05/23,4204.25,4138.00,4235.00,4120.15,,
09/04/23,4140.10,4164.00,4172.20,4097.05,,
09/01/23,4136.25,4110.00,4166.80,4091.00,,
08/31/2023,4109.30,4060.00,4136.70,4039.40,,
08/30/2023,4039.30,4024.95,4059.60,4002.20,,
08/29/2023,4004.50,4001.55,4029.95,3991.25,,
08/28/2023,4001.60,3997.80,4014.00,3923.25,,
08/25/2023,3964.10,4001.00,4025.00,3955.95,,
08/24/2023,4014.30,3970.00,4040.90,3951.25,,
08/23/2023,3957.65,3958.00,3983.90,3947.25,,
08/22/2023,3955.65,4020.00,4024.00,3947.25,,
08/21/2023,3998.00,4000.00,4044.00,3980.10,,
08/18/2023,3997.05,4059.90,4078.70,3967.25,,
08/17/2023,4054.65,4109.80,4110.00,4017.65,,
08/16/2023,4099.05,3995.00,4144.80,3983.15,,
08/14/2023,3985.60,3931.00,3994.00,3909.90,,
08/11/23,3958.40,3971.05,3994.00,3941.00,,
08/10/23,3971.05,3989.95,3989.95,3936.25,,
08/09/23,3979.95,3964.85,3988.00,3924.55,,
08/08/23,3950.80,3964.00,3978.75,3925.10,,
08/07/23,3952.60,3870.00,3964.00,3860.10,,
08/04/23,3883.30,3821.90,3956.30,3821.85,,
08/03/23,3816.75,3840.10,3865.00,3795.30,,
08/02/23,3852.05,3862.25,3916.05,3813.10,,
08/01/23,3870.00,3905.95,3905.95,3854.05,,
07/31/2023,3886.00,3825.00,3898.90,3825.00,,
07/28/2023,3818.85,3817.95,3870.80,3790.05,,
07/27/2023,3789.50,3790.00,3833.30,3779.25,,
07/26/2023,3797.95,3887.90,3887.90,3780.00,,
07/25/2023,3844.20,3840.05,3882.20,3821.15,,
07/24/2023,3850.85,3830.00,3888.00,3795.00,,
07/21/2023,3856.55,3900.00,3922.15,3827.00,,
07/20/2023,3928.30,3957.10,3957.10,3912.00,,
07/19/2023,3957.10,3935.00,3975.00,3898.00,,
07/18/2023,3916.70,3951.10,3971.90,3886.25,,
07/17/2023,3951.10,4042.00,4048.20,3940.00,,
07/14/2023,4021.50,3860.00,4029.95,3848.80,,
07/13/2023,3843.90,3814.95,3911.00,3800.30,,
07/12/23,3809.25,3849.95,3849.95,3771.00,,
07/11/23,3834.10,3754.00,3849.80,3754.00,,
07/10/23,3753.10,3835.00,3835.00,3737.25,,
07/07/23,3806.40,3834.00,3912.00,3795.00,,
07/06/23,3868.30,3862.90,3896.00,3835.00,,
07/05/23,3862.90,3842.70,3889.65,3814.60,,
07/04/23,3832.95,3829.90,3845.55,3774.70,,
07/03/23,3817.15,3887.90,3887.90,3799.00,,
06/30/2023,3858.65,3850.00,3896.85,3825.05,,
06/28/2023,3835.25,3819.65,3850.00,3782.30,,
06/27/2023,3805.00,3829.95,3844.60,3795.40,,
06/26/2023,3827.35,3809.95,3853.25,3788.65,,
06/23/2023,3813.25,3860.00,3860.00,3746.10,,
06/22/2023,3853.85,3910.95,3910.95,3842.90,,
06/21/2023,3908.10,3931.00,3944.00,3885.05,,
06/20/2023,3911.65,3869.75,3942.00,3861.10,,
06/19/2023,3864.35,3875.05,3899.00,3825.40,,
06/16/2023,3869.90,3910.00,3972.95,3842.20,,
06/15/2023,3851.90,3900.00,3926.90,3838.25,,
06/14/2023,3884.45,3797.50,3900.00,3770.60,,
06/13/2023,3797.50,3626.20,3840.00,3613.30,,
06/12/23,3595.80,3530.05,3603.75,3523.25,,
06/09/23,3540.95,3519.25,3572.90,3519.25,,
06/08/23,3541.20,3575.10,3589.95,3535.00,,
06/07/23,3592.85,3579.90,3613.95,3563.30,,
06/06/23,3551.45,3628.00,3640.00,3546.20,,
06/05/23,3629.30,3649.70,3655.00,3601.40,,
06/02/23,3613.55,3611.55,3657.00,3602.20,,
06/01/23,3616.55,3650.00,3656.00,3610.00,,
05/31/2023,3633.60,3589.10,3642.00,3573.25,,
05/30/2023,3589.10,3571.00,3597.00,3562.05,,
05/29/2023,3574.65,3604.95,3615.00,3564.00,,
05/26/2023,3596.80,3550.15,3622.95,3550.15,,
05/25/2023,3565.70,3565.05,3581.00,3533.50,,
05/24/2023,3573.10,3545.00,3600.00,3543.10,,
05/23/2023,3564.75,3582.00,3614.85,3541.00,,
05/22/2023,3575.55,3562.00,3579.55,3525.00,,
05/19/2023,3550.10,3536.40,3567.00,3519.00,,
05/18/2023,3508.35,3565.20,3580.95,3501.00,,
05/17/2023,3560.85,3554.20,3565.00,3500.00,,
05/16/2023,3549.65,3534.00,3564.95,3520.00,,
05/15/2023,3536.10,3550.25,3561.00,3510.00,,
05/12/23,3551.45,3535.05,3558.05,3517.60,,
05/11/23,3549.85,3510.95,3566.00,3500.10,,
05/10/23,3492.60,3453.95,3500.00,3419.25,,
05/09/23,3437.25,3432.35,3512.90,3417.25,,
05/08/23,3707.60,3687.95,3722.50,3673.30,,
05/05/23,3665.90,3708.00,3708.40,3649.25,,
05/04/23,3692.90,3650.00,3707.50,3639.25,,
05/03/23,3646.80,3635.00,3664.30,3615.25,,
05/02/23,3633.15,3624.75,3638.95,3591.00,,
04/28/2023,3561.85,3530.90,3590.95,3525.00,,
04/27/2023,3500.35,3500.00,3529.80,3446.25,,
04/26/2023,3467.25,3419.10,3475.00,3401.00,,
04/25/2023,3419.05,3430.00,3436.00,3394.00,,
04/24/2023,3417.35,3311.20,3426.10,3304.00,,
04/21/2023,3309.20,3288.05,3349.60,3280.20,,
04/20/2023,3296.40,3289.00,3315.00,3265.25,,
04/19/2023,3289.85,3272.05,3319.00,3272.05,,
04/18/2023,3299.30,3272.55,3309.95,3257.25,,
04/17/2023,3281.15,3274.85,3330.00,3227.85,,
04/13/2023,3301.75,3287.25,3317.00,3285.25,,
04/12/23,3312.50,3284.15,3324.60,3269.25,,
04/11/23,3284.15,3303.85,3303.85,3259.25,,
04/10/23,3303.85,3269.95,3309.65,3247.25,,
04/06/23,3254.55,3255.25,3270.00,3225.05,,
04/05/23,3265.95,3261.30,3276.20,3251.25,,
04/03/23,3274.95,3329.95,3329.95,3265.55,,
03/31/2023,3263.75,3250.00,3323.80,3238.10,,
03/29/2023,3232.90,3215.95,3239.90,3203.25,,
03/28/2023,3212.60,3230.00,3230.00,3200.25,,
03/27/2023,3219.10,3200.00,3230.00,3199.25,,
03/24/2023,3201.15,3184.90,3221.80,3184.85,,
03/23/2023,3184.90,3190.05,3207.20,3183.25,,
03/22/2023,3211.70,3197.80,3226.50,3186.00,,
03/21/2023,3181.90,3228.50,3228.50,3176.25,,
03/20/2023,3228.65,3235.00,3258.00,3188.25,,
03/17/2023,3237.80,3212.00,3266.60,3199.95,,
03/16/2023,3205.40,3205.00,3241.30,3194.20,,
03/15/2023,3200.15,3169.95,3206.00,3156.35,,
03/14/2023,3164.20,3161.10,3229.00,3150.20,,
03/13/2023,3182.95,3247.50,3274.00,3170.35,,
03/10/23,3242.20,3219.95,3248.00,3182.75,,
03/09/23,3227.10,3248.70,3259.00,3215.10,,
03/08/23,3236.20,3215.05,3258.70,3215.05,,
03/06/23,3236.50,3179.00,3249.90,3160.15,,
03/03/23,3153.20,3155.55,3184.50,3143.95,,
03/02/23,3147.45,3159.05,3159.95,3124.00,,
03/01/23,3162.75,3169.10,3188.00,3142.20,,
02/28/2023,3169.10,3168.25,3189.90,3147.05,,
02/27/2023,3159.45,3130.00,3175.00,3130.00,,
02/24/2023,3147.90,3153.90,3175.25,3139.10,,
02/23/2023,3153.25,3170.80,3182.15,3145.85,,
02/22/2023,3164.85,3165.15,3202.00,3142.30,,
02/21/2023,3200.60,3249.95,3264.20,3195.00,,
02/20/2023,3239.15,3243.85,3281.05,3225.05,,
02/17/2023,3231.65,3220.00,3238.00,3187.55,,
02/16/2023,3221.50,3171.75,3234.95,3170.00,,
02/15/2023,3165.05,3141.15,3174.65,3129.60,,
02/14/2023,3144.70,3135.85,3168.00,3117.70,,
02/13/2023,3123.05,3177.00,3177.00,3102.60,,
02/10/23,3176.60,3186.25,3212.00,3162.50,,
02/09/23,3190.90,3174.00,3209.60,3161.35,,
02/08/23,3169.60,3180.00,3193.30,3165.75,,
02/07/23,3171.40,3130.00,3179.00,3130.00,,
02/06/23,3124.30,3123.70,3144.70,3102.10,,
02/03/23,3123.70,3127.65,3169.00,3086.20,,
02/02/23,3112.05,3027.90,3130.00,3023.90,,
02/01/23,3025.70,3049.00,3086.50,3012.25,,
01/31/2023,3046.90,3068.00,3068.00,3013.80,,
01/30/2023,3054.65,3035.15,3079.95,3019.50,,
01/27/2023,3051.55,3086.25,3124.80,3032.55,,
01/25/2023,3083.50,3112.50,3117.45,3068.55,,
01/24/2023,3119.85,3110.50,3194.00,3096.15,,
01/23/2023,3094.25,3060.00,3104.85,3042.00,,
01/20/2023,3042.65,3096.05,3110.00,3031.45,,
01/19/2023,3095.45,3120.00,3148.40,3087.10,,
01/18/2023,3114.65,3138.00,3149.85,3102.75,,
01/17/2023,3130.50,3102.00,3134.90,3077.65,,
01/16/2023,3094.30,3089.95,3150.00,3071.95,,
01/13/2023,3083.60,3062.00,3110.00,3045.05,,
01/12/23,3054.45,3054.95,3059.95,3026.50,,
01/11/23,3048.60,3021.75,3062.80,3012.10,,
01/10/23,3019.90,3007.00,3026.85,2995.00,,
01/09/23,3006.80,3019.95,3035.15,2993.25,,
01/06/23,2996.30,2993.10,3014.05,2984.25,,
01/05/23,3006.85,3029.50,3029.50,2991.70,,
01/04/23,3014.40,3011.00,3027.60,2986.25,,
01/03/23,2999.55,3015.00,3035.55,2995.00,,
01/02/23,3024.00,3010.10,3031.25,3009.00,,
12/30/2022,3023.35,3010.00,3039.00,3004.70,,
12/29/2022,2994.80,2990.00,3003.00,2985.25,,
12/28/2022,3002.95,3005.05,3012.70,2989.25,,
12/27/2022,3016.45,3014.95,3025.00,2993.05,,
12/26/2022,3003.70,2987.05,3008.00,2977.25,,
12/23/2022,2986.85,2994.00,3027.95,2978.25,,
12/22/2022,3007.60,3027.00,3038.70,2998.25,,
12/21/2022,3024.40,3027.00,3053.30,3017.25,,
12/20/2022,3020.95,2999.00,3035.95,2988.25,,
12/19/2022,2999.70,3038.95,3038.95,2990.25,,
12/16/2022,3018.85,3030.00,3050.00,3015.00,,
12/15/2022,3042.30,3101.90,3101.90,3035.25,,
12/14/2022,3094.25,3103.90,3124.95,3075.00,,
12/13/2022,3094.50,3061.95,3103.10,3040.00,,
12/12/22,3037.15,3050.00,3058.85,3024.25,,
12/09/22,3046.95,3114.70,3118.05,3027.00,,
12/08/22,3098.00,3122.05,3122.05,3093.00,,
12/07/22,3108.85,3135.00,3148.55,3095.25,,
12/06/22,3132.85,3165.05,3168.00,3120.25,,
12/05/22,3176.00,3237.55,3240.00,3160.00,,
12/02/22,3218.80,3128.95,3295.00,3125.05,,
12/01/22,3122.00,3124.00,3150.00,3106.05,,
11/30/2022,3107.85,3114.70,3138.00,3093.50,,
11/29/2022,3094.70,3100.00,3130.00,3085.00,,
11/28/2022,3093.10,3065.00,3139.00,3050.05,,
11/25/2022,3049.35,3059.80,3065.55,3039.25,,
11/24/2022,3045.75,3071.00,3071.00,3036.25,,
11/23/2022,3055.70,3087.70,3100.00,3053.25,,
11/22/2022,3084.90,3062.75,3093.00,3047.25,,
11/21/2022,3064.35,3068.00,3081.70,3045.25,,
11/18/2022,3075.10,3098.00,3098.00,3065.25,,
11/17/2022,3086.85,3070.00,3092.85,3069.25,,
11/16/2022,3081.90,3100.00,3121.65,3077.25,,
11/15/2022,3100.60,3114.85,3118.25,3067.60,,
11/14/2022,3102.00,3095.05,3116.85,3081.20,,
11/11/22,3079.65,3065.35,3100.65,3065.35,,
11/10/22,3036.50,3011.00,3049.90,3011.00,,
11/09/22,3027.65,3031.00,3044.90,3014.25,,
11/07/22,3022.55,3021.65,3029.00,2987.25,,
11/04/22,3007.10,2977.00,3024.00,2960.25,,
11/03/22,2975.35,2970.00,2993.60,2969.00,,
11/02/22,2980.20,2929.90,2999.00,2924.25,,
11/01/22,2921.35,2912.10,2925.00,2909.50,,
10/31/2022,2912.85,2900.00,2923.95,2892.85,,
10/28/2022,2892.90,2909.45,2923.95,2885.50,,
10/27/2022,2904.85,2920.50,2921.45,2883.25,,
10/25/2022,2915.00,2932.50,2932.50,2912.25,,
10/24/2022,2935.60,2949.00,2950.00,2925.05,,
10/21/2022,2916.80,2934.70,2934.70,2912.25,,
10/20/2022,2920.05,2895.00,2936.90,2886.60,,
10/19/2022,2955.50,2963.10,2977.30,2945.25,,
10/18/2022,2949.20,2955.00,2978.75,2940.25,,
10/17/2022,2940.25,2956.50,2956.50,2930.25,,
10/14/2022,2947.30,2974.95,2985.00,2942.25,,
10/13/2022,2929.95,2935.00,2935.00,2905.20,,
10/12/22,2917.45,2901.00,2947.00,2901.00,,
10/11/22,2909.15,2979.95,2982.70,2904.00,,
10/10/22,2965.10,2942.00,2983.95,2925.75,,
10/07/22,2968.00,3038.55,3044.80,2956.50,,
10/06/22,3038.55,3019.00,3055.00,2998.05,,
10/04/22,2995.20,2989.80,3019.90,2953.00,,
10/03/22,2921.75,2985.00,2996.95,2909.90,,
09/30/2022,2982.50,2938.50,2990.00,2925.55,,
09/29/2022,2949.90,2985.00,2985.00,2927.85,,
09/28/2022,2949.90,2989.90,2993.00,2940.10,,
09/27/2022,2997.10,2990.00,3020.00,2962.25,,
09/26/2022,2955.45,2993.70,2993.70,2921.15,,
09/23/2022,2993.70,3010.10,3046.00,2987.10,,
09/22/2022,3010.10,3010.00,3030.00,2990.45,,
09/21/2022,3013.00,3025.40,3040.50,3000.05,,
09/20/2022,3018.70,3028.00,3049.00,3010.00,,
09/19/2022,2999.35,3047.90,3057.95,2992.30,,
09/16/2022,3036.50,3115.00,3115.05,3025.00,,
09/15/2022,3109.70,3156.70,3156.70,3096.70,,
09/14/2022,3140.20,3160.00,3175.00,3125.00,,
09/13/2022,3204.95,3238.70,3238.70,3192.70,,
09/12/22,3208.50,3190.00,3220.00,3180.00,,
09/09/22,3171.95,3168.00,3190.00,3108.85,,
09/08/22,3140.00,3092.00,3168.00,3092.00,,
09/07/22,3074.65,3090.00,3101.80,3064.25,,
09/06/22,3091.80,3144.00,3144.05,3077.15,,
09/05/22,3123.55,3148.00,3174.00,3115.00,,
09/02/22,3147.70,3136.10,3160.00,3116.40,,
09/01/22,3104.05,3169.00,3178.65,3097.20,,
08/30/2022,3169.85,3167.60,3184.30,3158.50,,
08/29/2022,3154.15,3189.05,3209.90,3140.00,,
08/26/2022,3229.25,3226.90,3259.00,3218.00,,
08/25/2022,3221.80,3259.80,3262.00,3216.00,,
08/24/2022,3242.70,3250.00,3266.30,3201.00,,
08/23/2022,3249.15,3266.00,3287.25,3246.00,,
08/22/2022,3288.30,3334.90,3334.90,3272.00,,
08/19/2022,3338.10,3351.00,3375.00,3325.10,,
08/18/2022,3347.70,3375.00,3379.90,3326.05,,
08/17/2022,3371.30,3359.30,3389.00,3333.85,,
08/16/2022,3341.85,3399.90,3399.90,3334.95,,
08/12/22,3377.70,3412.00,3412.00,3356.00,,
08/11/22,3408.30,3358.20,3419.45,3345.00,,
08/10/22,3337.60,3378.95,3387.75,3325.20,,
08/08/22,3372.45,3374.90,3400.00,3342.15,,
08/05/22,3365.85,3310.00,3424.95,3295.00,,
08/04/22,3319.75,3328.00,3363.00,3232.05,,
08/03/22,3325.60,3296.40,3342.85,3255.10,,
08/02/22,3296.40,3160.00,3349.40,3150.70,,
08/01/22,3160.75,3170.00,3190.00,3136.70,,
07/29/2022,3144.05,3123.00,3195.00,3118.75,,
07/28/2022,3102.60,3077.05,3108.65,3066.05,,
07/27/2022,3050.45,3099.00,3100.00,3034.20,,
07/26/2022,3091.75,3225.00,3243.45,3080.00,,
07/25/2022,3228.45,3234.35,3253.35,3213.10,,
07/22/2022,3233.40,3214.90,3244.60,3187.70,,
07/21/2022,3198.10,3275.00,3277.75,3171.60,,
07/20/2022,3258.80,3275.00,3276.00,3233.70,,
07/19/2022,3236.00,3215.00,3268.20,3200.00,,
07/18/2022,3206.25,3138.65,3213.45,3130.10,,
07/15/2022,3119.05,3171.40,3196.60,3109.05,,
07/14/2022,3171.40,3208.65,3214.00,3150.00,,
07/13/2022,3200.75,3160.00,3216.95,3146.05,,
07/12/22,3160.80,3199.80,3249.00,3153.35,,
07/11/22,3212.25,3182.05,3248.70,3164.05,,
07/08/22,3204.05,3135.05,3220.00,3135.05,,
07/07/22,3134.75,3110.00,3178.00,3100.40,,
07/06/22,3095.00,3052.00,3110.55,3042.80,,
07/05/22,3051.45,3062.90,3081.55,3039.60,,
07/04/22,3046.90,3075.00,3075.25,3021.55,,
07/01/22,3059.15,3090.25,3123.90,3044.25,,
06/30/2022,3098.30,3135.00,3152.15,3083.00,,
06/29/2022,3135.85,3110.00,3159.90,3108.00,,
06/28/2022,3134.55,3139.00,3151.95,3111.05,,
06/27/2022,3157.10,3160.00,3200.30,3147.25,,
06/24/2022,3121.35,3140.00,3147.70,3098.75,,
06/23/2022,3098.55,3042.65,3119.00,3041.15,,
06/22/2022,3035.60,3075.00,3106.30,3028.35,,
06/21/2022,3102.10,3011.00,3120.00,3005.15,,
06/20/2022,2989.10,3033.00,3033.00,2957.40,,
06/17/2022,2991.65,3024.95,3024.95,2950.00,,
06/16/2022,3025.20,3119.95,3134.90,3020.00,,
06/15/2022,3084.10,3089.90,3114.65,3075.00,,
06/14/2022,3060.15,3082.50,3200.00,3048.35,,
06/13/2022,3075.85,3110.00,3141.55,3065.50,,
06/10/22,3176.55,3190.25,3195.00,3131.00,,
06/09/22,3208.45,3235.90,3246.95,3194.55,,
06/08/22,3240.85,3309.75,3309.75,3225.00,,
06/07/22,3280.10,3270.00,3307.00,3232.25,,
06/06/22,3288.25,3297.00,3307.00,3222.00,,
06/03/22,3283.70,3359.95,3394.40,3267.75,,
06/02/22,3318.00,3299.75,3339.00,3273.90,,
06/01/22,3284.35,3307.45,3359.90,3270.05,,
05/31/2022,3293.85,3305.00,3309.00,3265.95,,
05/30/2022,3286.05,3185.50,3299.95,3185.50,,
05/27/2022,3171.35,3150.00,3188.95,3113.00,,
05/26/2022,3096.65,3118.95,3122.80,3017.60,,
05/25/2022,3082.95,3151.00,3179.95,3066.00,,
05/24/2022,3175.35,3238.95,3238.95,3151.15,,
05/23/2022,3223.85,3224.00,3275.00,3204.55,,
05/20/2022,3217.45,3126.00,3229.65,3111.00,,
05/19/2022,3091.10,3170.00,3177.50,3080.00,,
05/18/2022,3223.50,3267.10,3336.10,3215.00,,
05/17/2022,3267.00,3193.00,3280.00,3135.80,,
05/16/2022,3151.95,3279.90,3279.90,3101.00,,
05/13/2022,3230.70,3394.70,3395.00,3220.00,,
05/12/22,3500.10,3500.55,3545.55,3470.15,,
05/11/22,3534.95,3605.00,3605.00,3485.00,,
05/10/22,3571.30,3585.00,3623.95,3550.00,,
05/09/22,3563.95,3517.00,3649.00,3456.75,,
05/06/22,3517.10,3450.00,3544.90,3430.00,,
05/05/22,3489.20,3478.35,3528.00,3430.45,,
05/04/22,3431.25,3501.05,3543.85,3399.00,,
05/02/22,3503.55,3540.00,3557.05,3487.50,,
04/29/2022,3561.25,3530.00,3584.85,3528.05,,
04/28/2022,3526.75,3510.00,3547.20,3486.70,,
04/27/2022,3504.00,3538.20,3560.00,3490.05,,
04/26/2022,3546.00,3509.95,3559.40,3509.95,,
04/25/2022,3483.45,3480.00,3501.35,3411.00,,
04/22/2022,3485.65,3534.90,3544.90,3480.00,,
04/21/2022,3532.95,3520.20,3555.95,3520.20,,
04/20/2022,3518.50,3569.00,3584.10,3510.15,,
04/19/2022,3565.35,3611.00,3649.80,3510.00,,
04/18/2022,3587.15,3500.05,3615.55,3500.05,,
04/13/2022,3568.15,3625.00,3632.20,3559.00,,
04/12/22,3603.50,3699.00,3702.00,3595.00,,
04/11/22,3692.10,3702.00,3717.05,3675.00,,
04/08/22,3700.20,3710.00,3733.85,3690.00,,
04/07/22,3709.60,3688.90,3750.00,3677.40,,
04/06/22,3685.05,3670.00,3709.00,3635.45,,
04/05/22,3676.55,3700.00,3720.00,3654.60,,
04/04/22,3668.85,3619.00,3704.60,3593.50,,
04/01/22,3587.55,3580.00,3663.95,3575.00,,
03/31/2022,3587.75,3559.00,3602.10,3551.75,,
03/30/2022,3551.75,3552.35,3562.50,3490.00,,
03/29/2022,3482.35,3529.95,3543.95,3475.10,,
03/28/2022,3501.35,3580.90,3598.90,3488.00,,
03/25/2022,3580.90,3640.00,3647.20,3561.05,,
03/24/2022,3628.10,3560.00,3637.00,3560.00,,
03/23/2022,3559.60,3609.00,3662.35,3551.05,,
03/22/2022,3597.30,3549.00,3610.20,3538.55,,
03/21/2022,3545.30,3572.00,3595.00,3535.00,,
03/17/2022,3553.55,3570.00,3572.30,3502.00,,
03/16/2022,3533.30,3483.00,3544.45,3460.85,,
03/15/2022,3456.40,3545.00,3547.00,3442.00,,
03/14/2022,3523.70,3470.00,3539.00,3460.00,,
03/11/22,3468.55,3471.00,3512.00,3438.00,,
03/10/22,3470.80,3459.85,3511.00,3411.00,,
03/09/22,3421.05,3449.95,3469.00,3410.25,,
03/08/22,3427.50,3376.00,3447.95,3341.00,,
03/07/22,3351.90,3340.00,3382.95,3272.35,,
03/04/22,3346.10,3364.00,3403.75,3327.40,,
03/03/22,3380.55,3410.00,3437.05,3362.75,,
03/02/22,3370.05,3389.70,3424.00,3350.10,,
02/28/2022,3389.55,3409.30,3427.90,3350.00,,
02/25/2022,3409.30,3385.00,3492.90,3375.55,,
02/24/2022,3329.60,3440.00,3440.00,3306.00,,
02/23/2022,3513.25,3474.55,3543.70,3461.55,,
02/22/2022,3474.55,3500.10,3525.75,3382.60,,
02/21/2022,3525.75,3599.90,3602.45,3513.30,,
02/18/2022,3602.45,3588.70,3645.25,3577.00,,
02/17/2022,3610.65,3685.00,3691.20,3585.00,,
02/16/2022,3671.90,3686.00,3731.60,3652.00,,
02/15/2022,3684.40,3559.00,3714.00,3513.70,,
02/14/2022,3520.40,3600.05,3647.85,3505.00,,
02/11/22,3671.85,3671.00,3704.85,3622.00,,
02/10/22,3709.55,3760.00,3790.00,3686.25,,
02/09/22,3723.60,3585.75,3755.00,3580.15,,
02/08/22,3587.75,3618.55,3624.00,3511.00,,
02/07/22,3590.40,3625.00,3670.00,3556.05,,
02/04/22,3625.25,3700.00,3731.90,3611.20,,
02/03/22,3713.35,3742.35,3834.00,3620.00,,
02/02/22,3742.35,3589.00,3760.00,3562.90,,
02/01/22,3571.50,3564.40,3584.85,3515.30,,
01/31/2022,3515.25,3463.95,3535.90,3437.45,,
01/28/2022,3414.20,3460.00,3508.00,3390.10,,
01/27/2022,3419.55,3450.05,3475.00,3346.40,,
01/25/2022,3483.80,3515.00,3517.00,3411.20,,
01/24/2022,3508.65,3695.50,3695.50,3471.00,,
01/21/2022,3674.15,3695.00,3749.90,3660.00,,
01/20/2022,3698.65,3850.00,3896.75,3691.75,,
01/19/2022,3996.15,3975.00,4052.75,3948.40,,
01/18/2022,3979.05,4069.15,4105.70,3965.00,,
01/17/2022,4073.65,4100.00,4124.80,4063.25,,
01/14/2022,4098.00,4167.65,4167.65,4090.00,,
01/13/2022,4155.50,4225.00,4230.00,4107.65,,
01/12/22,4198.15,4190.00,4215.65,4143.00,,
01/11/22,4142.50,4088.00,4157.00,4057.90,,
01/10/22,4084.75,4040.10,4114.90,3972.40,,
01/07/22,4000.30,4013.00,4056.30,3975.75,,
01/06/22,4010.80,4030.00,4039.85,3976.75,,
01/05/22,4043.70,4103.50,4129.10,4030.00,,
01/04/22,4085.45,4029.85,4099.50,4005.45,,
01/03/22,4020.85,3965.00,4030.95,3965.00,,
12/31/2021,3961.20,3948.00,4015.00,3948.00,,
12/30/2021,3956.20,3960.00,3976.80,3930.85,,
12/29/2021,3936.80,3975.00,3992.85,3921.25,,
12/28/2021,3961.80,3935.95,3973.90,3935.00,,
12/27/2021,3920.65,3909.90,3935.95,3817.00,,
12/24/2021,3905.65,4013.55,4020.00,3888.00,,
12/23/2021,3993.70,3995.80,4029.85,3980.50,,
12/22/2021,3995.80,4060.00,4067.90,3979.80,,
12/21/2021,4028.95,4000.00,4079.55,4000.00,,
12/20/2021,3980.70,4121.00,4121.00,3908.00,,
12/17/2021,4131.75,4214.40,4225.15,4108.05,,
12/16/2021,4188.90,4200.00,4228.00,4172.25,,
12/15/2021,4184.60,4298.50,4329.90,4163.40,,
12/14/2021,4298.35,4274.00,4329.80,4250.20,,
12/13/2021,4288.85,4400.00,4400.00,4271.35,,
12/10/21,4307.40,4239.00,4375.00,4236.05,,
12/09/21,4224.40,4260.00,4271.30,4205.05,,
12/08/21,4227.35,4189.00,4267.00,4187.55,,
12/07/21,4171.80,4130.00,4202.10,4114.05,,
12/06/21,4104.75,4183.00,4190.00,4094.70,,
12/03/21,4158.05,4185.00,4223.80,4144.25,,
12/02/21,4186.45,4138.00,4207.55,4135.05,,
12/01/21,4134.60,4235.10,4259.90,4125.05,,
11/30/2021,4235.20,4200.00,4267.90,4188.95,,
11/29/2021,4209.55,4127.00,4250.00,4055.00,,
11/26/2021,4181.80,4176.00,4225.00,4105.75,,
11/25/2021,4180.65,4174.85,4209.25,4131.20,,
11/24/2021,4159.40,4250.05,4288.00,4120.95,,
11/23/2021,4240.70,4239.95,4275.00,4144.00,,
11/22/2021,4247.65,4360.00,4413.95,4199.00,,
11/18/2021,4375.70,4495.00,4500.00,4315.00,,
11/17/2021,4476.35,4469.95,4529.80,4454.35,,
11/16/2021,4466.60,4482.95,4507.60,4450.55,,
11/15/2021,4456.70,4460.00,4477.00,4435.55,,
11/12/21,4450.30,4425.25,4513.10,4425.25,,
11/11/21,4465.75,4478.70,4494.50,4450.40,,
11/10/21,4490.15,4438.00,4515.00,4404.95,,
11/09/21,4440.35,4480.00,4540.00,4425.10,,
11/08/21,4477.50,4400.00,4543.25,4400.00,,
11/04/21,4427.05,4412.00,4450.00,4412.00,,
11/03/21,4409.55,4427.95,4437.00,4380.00,,
11/02/21,4402.25,4447.10,4478.35,4380.00,,
11/01/21,4409.40,4485.00,4485.00,4350.00,,
10/29/2021,4424.50,4438.00,4487.75,4361.00,,
10/28/2021,4431.05,4485.00,4568.60,4258.05,,
10/27/2021,4663.50,4570.00,4714.00,4505.45,,
10/26/2021,4544.35,4465.00,4625.00,4455.45,,
10/25/2021,4450.75,4593.30,4593.30,4339.45,,
10/22/2021,4548.80,4540.00,4680.40,4491.05,,
10/21/2021,4544.40,4735.00,4735.00,4505.50,,
10/20/2021,4684.50,4949.90,4977.00,4666.55,,
10/19/2021,4944.00,4760.00,5145.00,4744.90,,
10/18/2021,4729.45,4777.10,4826.45,4713.60,,
10/14/2021,4777.70,4799.60,4897.70,4711.65,,
10/13/2021,4743.80,4780.00,4781.40,4700.00,,
10/12/21,4737.45,4740.00,4769.45,4672.40,,
10/11/21,4745.05,4780.00,4780.95,4665.65,,
10/08/21,4789.65,4764.95,4855.90,4730.75,,
10/07/21,4742.70,4670.10,4772.25,4629.45,,
10/06/21,4660.25,4739.90,4760.00,4626.80,,
10/05/21,4703.05,4622.25,4720.00,4571.20,,
10/04/21,4622.25,4534.00,4633.90,4493.10,,
10/01/21,4512.25,4550.00,4550.00,4485.05,,
09/30/2021,4555.95,4571.00,4648.45,4530.00,,
09/29/2021,4533.65,4550.00,4591.55,4427.90,,
09/28/2021,4578.25,4575.00,4617.60,4480.00,,
09/27/2021,4584.85,4714.95,4739.90,4549.10,,
09/24/2021,4710.40,4715.00,4849.00,4680.00,,
09/23/2021,4698.05,4715.00,4730.00,4663.05,,
09/22/2021,4672.90,4700.00,4733.00,4633.10,,
09/21/2021,4668.90,4694.65,4713.00,4606.60,,
09/20/2021,4694.65,4786.55,4815.00,4690.00,,
09/17/2021,4790.80,4849.25,4849.25,4721.70,,
09/16/2021,4807.30,4886.25,4910.80,4801.00,,
09/15/2021,4866.85,4865.00,4931.55,4806.15,,
09/14/2021,4832.90,4889.00,4899.95,4825.00,,
09/13/2021,4856.05,4797.30,4899.55,4754.35,,
09/09/21,4767.55,4732.45,4807.10,4694.10,,
09/08/21,4711.20,4748.00,4792.50,4691.45,,
09/07/21,4743.00,4849.00,4872.40,4724.00,,
09/06/21,4818.00,4769.90,4849.50,4718.05,,
09/03/21,4749.00,4744.95,4807.00,4684.10,,
09/02/21,4717.60,4653.50,4756.75,4650.00,,
09/01/21,4653.50,4741.65,4745.95,4631.40,,
08/31/2021,4699.55,4713.85,4762.10,4607.00,,
08/30/2021,4713.85,4806.00,4860.00,4703.00,,
08/27/2021,4763.55,4750.50,4824.35,4714.00,,
08/26/2021,4739.00,4708.20,4825.00,4655.10,,
08/25/2021,4711.50,4590.00,4747.00,4590.00,,
08/24/2021,4585.90,4440.00,4610.00,4419.60,,
08/23/2021,4414.65,4490.00,4524.00,4325.10,,
08/20/2021,4438.95,4490.45,4513.65,4365.60,,
08/18/2021,4524.65,4642.95,4654.00,4505.00,,
08/17/2021,4605.45,4633.00,4690.00,4580.15,,
08/16/2021,4618.30,4654.20,4718.20,4593.00,,
08/13/2021,4618.45,4692.00,4789.00,4591.65,,
08/12/21,4671.25,4468.00,4709.90,4454.30,,
08/11/21,4447.35,4481.00,4509.95,4365.00,,
08/10/21,4501.50,4490.00,4530.00,4449.95,,
08/09/21,4458.00,4435.00,4496.75,4365.00,,
08/06/21,4419.80,4411.00,4467.00,4380.65,,
08/05/21,4401.55,4319.00,4411.30,4255.00,,
08/04/21,4286.40,4272.00,4318.00,4258.60,,
08/03/21,4280.35,4319.00,4332.00,4255.00,,
08/02/21,4285.80,4368.95,4375.00,4257.00,,
07/30/2021,4315.45,4429.90,4454.75,4240.15,,
07/29/2021,4384.80,4520.00,4650.00,4352.30,,
07/28/2021,4373.30,4200.00,4449.00,4110.30,,
07/27/2021,4170.50,4169.70,4219.95,4120.75,,
07/26/2021,4137.65,4041.55,4170.00,4015.00,,
07/23/2021,4012.10,4075.00,4099.00,4000.50,,
07/22/2021,4051.70,4027.00,4095.00,3995.00,,
07/20/2021,3957.55,4105.55,4177.80,3945.00,,
07/19/2021,4072.15,4050.00,4121.00,4006.00,,
07/16/2021,4019.40,4125.00,4160.00,4004.00,,
07/15/2021,4093.90,4180.00,4198.00,4068.30,,
07/14/2021,4150.75,4060.00,4171.00,4030.00,,
07/13/2021,4010.80,3923.95,4074.85,3905.60,,
07/12/21,3900.80,3963.70,3983.75,3860.00,,
07/09/21,3943.95,3788.00,3980.30,3782.30,,
07/08/21,3766.30,3724.95,3845.00,3701.25,,
07/07/21,3720.90,3750.00,3832.00,3700.00,,
07/06/21,3741.05,3609.90,3759.00,3598.50,,
07/05/21,3597.20,3660.00,3674.95,3588.00,,
07/02/21,3624.30,3653.20,3695.00,3602.50,,
07/01/21,3620.30,3659.00,3659.00,3601.40,,
06/30/2021,3651.50,3592.40,3673.40,3575.00,,
06/29/2021,3574.50,3605.00,3610.95,3562.50,,
06/28/2021,3593.95,3636.00,3647.40,3580.00,,
06/25/2021,3633.05,3600.00,3644.00,3585.00,,
06/24/2021,3597.85,3614.50,3635.00,3543.25,,
06/23/2021,3584.25,3595.00,3603.00,3541.20,,
06/22/2021,3558.85,3618.50,3626.35,3555.00,,
06/21/2021,3598.50,3536.40,3630.00,3490.70,,
06/18/2021,3536.40,3609.70,3670.00,3524.00,,
06/17/2021,3581.75,3695.00,3695.00,3554.85,,
06/16/2021,3701.25,3748.95,3748.95,3675.60,,
06/15/2021,3749.35,3708.40,3794.00,3683.90,,
06/14/2021,3675.95,3690.00,3717.25,3575.05,,
06/11/21,3689.35,3560.00,3739.90,3546.50,,
06/10/21,3544.90,3530.00,3552.00,3510.00,,
06/09/21,3502.60,3594.00,3594.00,3489.00,,
06/08/21,3574.95,3574.00,3625.00,3542.65,,
06/07/21,3557.55,3515.00,3574.95,3485.25,,
06/04/21,3514.95,3547.95,3554.40,3504.55,,
06/03/21,3532.80,3544.85,3558.75,3520.05,,
06/02/21,3528.30,3528.00,3559.65,3498.20,,
06/01/21,3510.80,3480.00,3528.05,3473.00,,
05/31/2021,3473.10,3525.30,3569.55,3460.00,,
05/28/2021,3525.30,3520.00,3555.60,3489.40,,
05/27/2021,3487.75,3501.30,3570.00,3420.30,,
05/26/2021,3510.30,3620.00,3620.00,3501.00,,
05/25/2021,3595.15,3708.00,3710.00,3560.00,,
05/24/2021,3705.65,3670.00,3722.35,3620.50,,
05/21/2021,3659.70,3669.70,3689.95,3630.00,,
05/20/2021,3623.05,3556.00,3640.00,3524.45,,
05/19/2021,3541.70,3505.00,3570.00,3505.00,,
05/18/2021,3542.55,3544.00,3578.85,3495.85,,
05/17/2021,3520.05,3540.00,3560.00,3490.20,,
05/14/2021,3694.40,3747.00,3747.00,3659.00,,
05/12/21,3697.35,3770.00,3795.00,3685.05,,
05/11/21,3759.65,3630.00,3794.00,3605.25,,
05/10/21,3650.60,3611.00,3720.00,3600.90,,
05/07/21,3565.10,3525.00,3590.00,3476.65,,
05/06/21,3487.45,3564.00,3595.00,3474.00,,
05/05/21,3544.80,3495.00,3569.95,3495.00,,
05/04/21,3473.30,3498.40,3529.95,3455.00,,
05/03/21,3480.05,3470.00,3550.00,3456.50,,
04/30/2021,3478.55,3470.00,3568.95,3438.00,,
04/29/2021,3469.50,3589.90,3609.30,3445.20,,
04/28/2021,3553.25,3440.00,3590.00,3423.40,,
04/27/2021,3401.45,3310.00,3434.80,3305.00,,
04/26/2021,3307.55,3308.00,3321.00,3253.10,,
04/23/2021,3266.95,3285.00,3318.80,3239.00,,
04/22/2021,3279.65,3296.00,3367.15,3233.95,,
04/20/2021,3296.85,3365.00,3402.75,3246.00,,
04/19/2021,3381.25,3210.00,3404.00,3210.00,,
04/16/2021,3366.25,3300.40,3421.95,3300.40,,
04/15/2021,3283.10,3294.60,3339.95,3180.00,,
04/13/2021,3294.60,3380.00,3408.55,3253.25,,
04/12/21,3336.85,3485.00,3498.45,3294.45,,
04/09/21,3512.20,3500.00,3570.00,3470.10,,
04/08/21,3490.85,3330.00,3526.95,3320.50,,
04/07/21,3317.15,3320.85,3480.00,3275.85,,
04/06/21,3288.35,3214.00,3317.80,3180.90,,
04/05/21,3196.10,3230.00,3240.00,3172.45,,
04/01/21,3209.10,3230.00,3270.00,3185.00,,
03/31/2021,3198.95,3350.00,3365.35,3190.00,,
03/30/2021,3356.75,3125.00,3747.00,3105.45,,
03/26/2021,3124.15,3159.00,3188.75,3071.90,,
03/25/2021,3149.15,3210.20,3210.20,3119.00,,
03/24/2021,3193.40,3200.00,3254.95,3185.00,,
03/23/2021,3202.40,3223.00,3296.50,3192.15,,
03/22/2021,3222.55,3225.00,3255.55,3182.40,,
03/19/2021,3205.15,3125.00,3280.00,3022.50,,
03/18/2021,3119.50,3260.00,3275.00,3056.20,,
03/17/2021,3206.90,3285.20,3440.00,3151.00,,
03/16/2021,3257.55,3149.75,3294.55,3149.75,,
03/15/2021,3149.75,3200.10,3216.40,3115.50,,
03/12/21,3194.05,3195.00,3240.00,3155.00,,
03/10/21,3201.55,3226.20,3270.70,3192.00,,
03/09/21,3221.40,3228.00,3242.25,3200.00,,
03/08/21,3216.80,3280.00,3280.00,3175.00,,
03/05/21,3204.05,3279.65,3279.65,3195.00,,
03/04/21,3252.35,3235.00,3280.00,3190.00,,
03/03/21,3228.15,3206.10,3330.00,3182.25,,
03/02/21,3197.85,3170.00,3248.75,3170.00,,
03/01/21,3152.75,3050.00,3168.75,3050.00,,
02/26/2021,3043.60,3005.50,3058.00,2982.15,,
02/25/2021,3018.95,3050.75,3150.00,3005.10,,
02/24/2021,3037.60,3036.50,3048.70,2995.00,,
02/23/2021,3006.30,3004.90,3023.40,2980.45,,
02/22/2021,2971.90,3074.00,3132.20,2931.05,,
02/19/2021,3049.35,3085.75,3085.75,3044.10,,
02/18/2021,3069.70,3120.00,3120.00,3050.00,,
02/17/2021,3090.55,3149.00,3149.90,3065.00,,
02/16/2021,3134.70,3170.00,3190.15,3121.00,,
02/15/2021,3168.50,3227.50,3238.95,3162.00,,
02/12/21,3195.70,3230.00,3230.00,3190.00,,
02/11/21,3216.95,3201.00,3228.00,3190.00,,
02/10/21,3197.80,3242.80,3247.15,3184.25,,
02/09/21,3230.95,3263.95,3267.75,3212.00,,
02/08/21,3237.80,3320.00,3348.00,3230.00,,
02/05/21,3293.10,3324.00,3324.90,3282.00,,
02/04/21,3300.25,3321.75,3344.00,3281.00,,
02/03/21,3305.15,3299.75,3347.00,3252.00,,
02/02/21,3280.80,3289.00,3329.00,3210.05,,
02/01/21,3249.15,3218.00,3280.75,3183.00,,
01/29/2021,3218.55,3322.90,3322.90,3201.00,,
01/28/2021,3269.95,3221.90,3283.95,3211.05,,
01/27/2021,3253.85,3283.45,3340.55,3210.00,,
01/25/2021,3315.95,3350.00,3350.00,3267.00,,
01/22/2021,3314.65,3350.00,3388.00,3285.00,,
01/21/2021,3349.95,3367.90,3399.95,3340.00,,
01/20/2021,3345.05,3380.00,3415.40,3312.85,,
01/19/2021,3362.90,3340.00,3405.00,3305.00,,
01/18/2021,3308.40,3390.00,3390.00,3254.10,,
01/15/2021,3379.80,3463.90,3463.90,3355.55,,
01/14/2021,3439.45,3508.10,3515.45,3420.00,,
01/13/2021,3481.30,3497.00,3542.00,3461.00,,
01/12/21,3464.65,3369.00,3535.00,3333.00,,
01/11/21,3353.00,3410.00,3429.90,3330.05,,
01/08/21,3342.40,3368.45,3368.45,3305.55,,
01/07/21,3325.15,3398.25,3420.00,3310.00,,
01/06/21,3364.95,3448.50,3480.00,3333.30,,
01/05/21,3448.50,3372.00,3469.00,3355.50,,
01/04/21,3370.55,3255.00,3410.00,3250.20,,
01/01/21,3242.85,3192.00,3250.00,3192.00,,
12/31/2020,3212.50,3225.00,3238.05,3186.00,,
12/30/2020,3225.15,3228.75,3238.50,3202.00,,
12/29/2020,3212.40,3195.00,3252.50,3195.00,,
12/28/2020,3181.90,3230.00,3245.00,3160.45,,
12/24/2020,3220.00,3159.60,3272.00,3151.00,,
12/23/2020,3144.10,3139.00,3157.85,3098.45,,
12/22/2020,3112.80,3091.00,3137.00,3031.55,,
12/21/2020,3102.10,3180.00,3197.35,3063.25,,
12/18/2020,3167.60,3139.35,3192.35,3106.40,,
12/17/2020,3134.35,3134.90,3159.00,3102.50,,
12/16/2020,3112.15,3149.10,3149.10,3105.00,,
12/15/2020,3133.60,3138.40,3150.00,3099.25,,
12/14/2020,3133.45,3168.95,3170.00,3120.00,,
12/11/20,3131.90,3154.95,3154.95,3111.05,,
12/10/20,3133.30,3166.00,3166.00,3086.00,,
12/09/20,3159.10,3137.90,3190.05,3127.90,,
12/08/20,3118.05,3070.00,3137.00,3049.05,,
12/07/20,3051.10,3065.00,3068.95,3035.00,,
12/04/20,3042.30,3068.00,3068.00,3022.25,,
12/03/20,3052.05,3025.00,3073.45,3018.00,,
12/02/20,3016.45,3024.10,3037.50,2998.00,,
12/01/20,3018.00,3065.00,3065.00,3011.05,,
11/27/2020,3040.15,3030.05,3065.70,3010.10,,
11/26/2020,3014.90,3020.00,3045.05,3008.00,,
11/25/2020,3018.50,3035.00,3063.55,3010.00,,
11/24/2020,3017.45,3060.00,3060.00,3001.10,,
11/23/2020,3026.40,3036.00,3059.55,3010.00,,
11/20/2020,3035.00,3059.00,3067.15,3025.00,,
11/19/2020,3052.00,3060.50,3089.55,3045.00,,
11/18/2020,3083.00,3050.05,3173.00,3045.25,,
11/17/2020,3068.65,3090.00,3111.90,3050.00,,
11/13/2020,3085.05,3100.00,3100.00,3075.00,,
11/12/20,3088.75,3080.00,3107.25,3070.05,,
11/11/20,3078.15,3083.40,3091.80,3053.00,,
11/10/20,3068.30,3124.80,3124.80,3050.00,,
11/09/20,3097.70,3075.00,3141.75,3075.00,,
11/06/20,3075.75,3090.00,3090.00,3021.50,,
11/05/20,3066.35,3079.85,3143.35,3051.00,,
11/04/20,3079.85,3120.00,3148.00,3062.00,,
11/03/20,3102.45,3050.00,3150.00,3011.00,,
11/02/20,3144.75,3150.00,3174.15,3115.00,,
10/30/2020,3143.60,3102.00,3166.00,3091.05,,
10/29/2020,3101.55,3175.20,3175.95,3076.00,,
10/28/2020,3175.20,3234.00,3234.00,3155.00,,
10/27/2020,3218.60,3260.00,3260.00,3164.45,,
10/26/2020,3258.25,3367.00,3369.00,3251.05,,
10/23/2020,3310.85,3399.00,3400.00,3295.00,,
10/22/2020,3367.70,3227.00,3395.00,3165.85,,
10/21/2020,3232.90,3281.00,3308.00,3212.20,,
10/20/2020,3257.35,3306.10,3315.40,3225.00,,
10/19/2020,3302.75,3289.80,3345.00,3289.80,,
10/16/2020,3270.65,3180.00,3298.00,3163.00,,
10/15/2020,3207.65,3220.00,3301.00,3150.00,,
10/14/2020,3145.95,3054.20,3223.75,3045.15,,
10/13/2020,3058.30,3050.00,3144.00,3030.00,,
10/12/20,3046.85,3050.00,3135.05,3040.00,,
10/09/20,3073.75,3061.40,3091.00,3049.70,,
10/08/20,3059.55,3060.00,3079.75,3037.45,,
10/07/20,3007.85,3037.00,3054.00,3000.00,,
10/06/20,3033.90,3032.00,3059.00,3006.00,,
10/05/20,3024.10,3050.00,3089.45,3003.60,,
10/01/20,3040.95,3095.00,3095.05,3022.00,,
09/30/2020,3072.55,3076.00,3100.00,3028.55,,
09/29/2020,3078.65,3047.80,3097.80,3045.65,,
09/28/2020,3039.00,2989.00,3054.70,2989.00,,
09/25/2020,2987.95,3013.10,3013.10,2956.20,,
09/24/2020,2961.50,3069.45,3069.45,2950.10,,
09/23/2020,3047.40,3060.00,3147.95,3010.00,,
09/22/2020,3054.40,3064.00,3084.00,2941.00,,
09/21/2020,3045.95,3020.00,3185.00,3010.00,,
09/18/2020,2990.70,3014.60,3042.90,2970.00,,
09/17/2020,2996.95,2950.15,3020.00,2950.15,,
09/16/2020,2989.40,3050.00,3054.95,2963.00,,
09/15/2020,3024.90,3049.00,3071.90,2981.00,,
09/14/2020,2988.20,2965.00,3040.80,2961.00,,
09/11/20,2906.60,2941.00,2970.00,2881.05,,
09/10/20,2929.75,2928.00,2999.90,2920.00,,
09/09/20,2922.80,2957.00,2977.70,2903.00,,
09/08/20,2966.15,2984.55,3020.95,2950.00,,
09/07/20,2965.35,3020.00,3050.00,2960.00,,
09/04/20,2980.75,2910.00,3019.50,2907.00,,
09/03/20,2935.45,2979.90,3003.00,2925.00,,
09/02/20,2959.90,2980.00,3023.15,2950.10,,
09/01/20,2971.75,3010.00,3060.85,2970.00,,
08/31/2020,3032.55,3060.00,3076.65,2969.20,,
08/28/2020,3042.15,3074.40,3079.00,3026.00,,
08/27/2020,3050.25,3069.95,3200.00,3040.00,,
08/26/2020,3043.45,3068.00,3086.00,3035.15,,
08/25/2020,3054.80,3084.90,3099.95,3039.00,,
08/24/2020,3071.50,3065.00,3083.85,3041.00,,
08/21/2020,3040.90,3061.00,3066.95,3028.00,,
08/20/2020,3042.95,3048.35,3070.00,3026.00,,
08/19/2020,3048.35,3087.95,3087.95,3036.85,,
08/18/2020,3064.40,3075.00,3106.35,3054.05,,
08/17/2020,3055.55,3067.00,3067.30,3030.30,,
08/14/2020,3019.65,3060.00,3060.00,2989.55,,
08/13/2020,3040.80,3064.00,3068.00,3011.00,,
08/12/20,3034.45,3110.00,3150.00,2988.00,,
08/11/20,2959.95,2993.10,2993.10,2922.00,,
08/10/20,2979.50,2950.00,3010.00,2942.15,,
08/07/20,2929.70,2985.00,2985.00,2918.60,,
08/06/20,2955.75,2944.00,2987.60,2944.00,,
08/05/20,2962.40,2967.00,3010.00,2944.00,,
08/04/20,2965.20,2974.95,2976.50,2936.55,,
08/03/20,2947.70,2965.00,2979.45,2880.00,,
07/31/2020,2937.90,2977.55,2977.55,2919.00,,
07/30/2020,2977.55,3007.80,3008.00,2950.00,,
07/29/2020,2987.80,3034.90,3045.90,2975.00,,
07/28/2020,3019.55,3016.00,3054.95,2982.85,,
07/27/2020,3016.35,3000.00,3080.70,2920.00,,
07/24/2020,3007.90,3058.00,3058.00,2965.00,,
07/23/2020,3043.55,3086.95,3102.25,3016.05,,
07/22/2020,3068.60,3143.20,3146.60,3053.00,,
07/21/2020,3120.45,3184.10,3220.00,3101.00,,
07/20/2020,3191.35,3102.00,3215.00,3060.00,,
07/17/2020,3096.05,3181.00,3185.10,3083.30,,
07/16/2020,3153.00,3001.00,3199.00,2990.00,,
07/15/2020,2981.90,2905.25,3045.00,2903.65,,
07/14/2020,2903.20,2792.00,2920.00,2785.00,,
07/13/2020,2818.15,2765.00,2845.00,2732.35,,
07/10/20,2757.65,2766.00,2825.00,2736.00,,
07/09/20,2793.10,2899.90,2899.90,2762.75,,
07/08/20,2849.55,2899.00,2899.00,2831.05,,
07/07/20,2869.45,2857.00,2881.95,2840.60,,
07/06/20,2857.60,2865.00,2892.95,2840.00,,
07/03/20,2864.95,2866.40,2915.00,2828.00,,
07/02/20,2865.75,2867.95,2885.20,2827.05,,
07/01/20,2849.65,2833.00,2927.00,2773.05,,
06/30/2020,2863.75,2878.95,2950.00,2821.95,,
06/29/2020,2851.00,2727.95,2894.95,2706.70,,
06/26/2020,2737.25,2700.00,2790.30,2700.00,,
06/25/2020,2662.90,2704.00,2749.10,2635.05,,
06/24/2020,2710.55,2713.05,2770.00,2650.00,,
06/23/2020,2713.05,2615.00,2810.00,2615.00,,
06/22/2020,2639.05,2607.00,2658.70,2570.10,,
06/19/2020,2591.85,2742.00,2790.00,2560.00,,
06/18/2020,2736.60,2839.05,2856.70,2725.00,,
06/17/2020,2856.70,2822.10,2978.00,2822.10,,
06/16/2020,2882.55,2771.00,2900.00,2771.00,,
06/15/2020,2744.65,2563.00,2761.00,2558.45,,
06/12/20,2578.00,2500.00,2595.40,2500.00,,
06/11/20,2585.70,2580.00,2610.00,2556.95,,
06/10/20,2585.35,2588.00,2620.00,2552.25,,
06/09/20,2592.60,2608.00,2633.20,2545.25,,
06/08/20,2596.35,2552.00,2610.00,2515.00,,
06/05/20,2537.50,2504.00,2558.00,2504.00,,
06/04/20,2506.40,2522.95,2530.00,2480.05,,
06/03/20,2499.95,2584.00,2603.85,2480.75,,
06/02/20,2575.25,2599.90,2599.90,2490.80,,
06/01/20,2563.20,2506.70,2614.95,2460.00,,
05/29/2020,2491.80,2505.00,2545.00,2480.00,,
05/28/2020,2493.05,2412.00,2499.95,2412.00,,
05/27/2020,2415.75,2365.00,2420.90,2321.35,,
05/26/2020,2356.50,2365.00,2386.45,2340.00,,
05/22/2020,2358.90,2332.00,2366.65,2325.00,,
05/21/2020,2351.90,2338.60,2371.50,2338.60,,
05/20/2020,2338.60,2395.00,2441.20,2295.00,,
05/19/2020,2417.80,2480.00,2480.00,2385.00,,
05/18/2020,2585.05,2650.00,2650.00,2566.00,,
05/15/2020,2593.55,2547.00,2635.00,2547.00,,
05/14/2020,2526.30,2528.05,2565.00,2511.00,,
05/13/2020,2527.65,2599.00,2604.95,2511.00,,
05/12/20,2541.35,2520.00,2555.70,2481.20,,
05/11/20,2490.40,2510.00,2579.00,2470.00,,
05/08/20,2452.15,2535.25,2584.95,2430.00,,
05/07/20,2496.90,2376.50,2510.00,2375.35,,
05/06/20,2400.95,2396.95,2425.00,2349.75,,
05/05/20,2343.50,2320.00,2375.00,2311.15,,
05/04/20,2311.10,2249.00,2385.00,2214.60,,
04/30/2020,2346.85,2450.00,2450.00,2320.15,,
04/29/2020,2385.70,2218.00,2425.00,2214.25,,
04/28/2020,2239.15,2144.80,2254.95,2135.00,,
04/27/2020,2114.60,2065.00,2128.40,2054.30,,
04/24/2020,2036.55,2020.60,2064.95,2020.05,,
04/23/2020,2032.20,2037.00,2069.95,2022.00,,
04/22/2020,2005.25,2040.00,2069.90,1986.80,,
04/21/2020,2040.00,2036.00,2089.00,1971.15,,
04/20/2020,2035.30,2167.00,2187.90,2025.00,,
04/17/2020,2167.10,2275.00,2290.00,2150.25,,
04/16/2020,2197.30,2239.00,2261.40,2180.00,,
04/15/2020,2239.55,2150.00,2280.00,2150.00,,
04/13/2020,2188.15,2140.00,2194.00,2083.25,,
04/09/20,2145.25,2095.00,2194.70,2090.05,,
04/08/20,2096.05,2049.00,2175.20,2026.00,,
04/07/20,2077.90,2065.25,2143.55,2021.75,,
04/03/20,2034.15,1920.00,2209.20,1875.00,,
04/01/20,1921.00,2060.00,2060.00,1888.25,,
03/31/2020,2023.65,2014.95,2041.00,1973.20,,
03/30/2020,1943.00,1745.80,1987.85,1732.85,,
03/27/2020,1799.35,1790.00,1852.00,1751.50,,
03/26/2020,1745.80,1660.00,1790.75,1659.55,,
03/25/2020,1627.75,1561.00,1650.00,1561.00,,
03/24/2020,1591.95,1602.10,1676.15,1562.25,,
03/23/2020,1575.65,1566.05,1823.90,1506.00,,
03/20/2020,1879.35,1782.10,1950.00,1782.10,,
03/19/2020,1765.40,1919.00,1919.00,1725.00,,
03/18/2020,1917.50,2078.00,2084.00,1884.50,,
03/17/2020,2015.45,2010.00,2059.15,1990.00,,
03/16/2020,2009.65,2199.45,2199.45,2000.00,,
03/13/2020,2199.45,2000.00,2251.10,1964.95,,
03/12/20,2177.80,2300.00,2343.55,2055.00,,
03/11/20,2376.60,2449.00,2460.00,2309.10,,
03/09/20,2425.05,2525.50,2586.55,2386.80,,
03/06/20,2546.55,2550.00,2600.00,2525.85,,
03/05/20,2582.65,2630.00,2630.00,2570.00,,
03/04/20,2600.25,2660.55,2709.75,2590.00,,
03/03/20,2660.55,2689.95,2720.00,2640.10,,
03/02/20,2695.75,2650.05,2730.00,2640.00,,
02/28/2020,2648.40,2677.00,2705.00,2630.00,,
02/27/2020,2727.65,2785.00,2789.75,2710.30,,
02/26/2020,2741.95,2780.00,2780.00,2720.05,,
02/25/2020,2785.00,2782.35,2802.10,2768.00,,
02/24/2020,2777.85,2810.05,2851.45,2762.05,,
02/20/2020,2812.45,2849.10,2881.95,2800.00,,
02/19/2020,2848.95,2866.50,2890.00,2845.00,,
02/18/2020,2859.65,2885.80,2899.55,2855.00,,
02/17/2020,2878.35,2885.00,2929.55,2868.00,,
02/14/2020,2884.30,2711.00,2920.15,2711.00,,
02/13/2020,2903.00,2896.65,2949.90,2889.05,,
02/12/20,2896.70,2858.10,2925.00,2858.10,,
02/11/20,2900.10,2972.10,2980.00,2882.30,,
02/10/20,2943.10,2899.25,2968.15,2880.10,,
02/07/20,2897.35,2909.00,2968.00,2883.00,,
02/06/20,2905.80,3008.00,3027.00,2890.00,,
02/05/20,2981.60,3020.00,3069.00,2961.00,,
02/04/20,2992.75,3086.25,3150.00,2980.00,,
02/03/20,3081.25,2953.55,3120.45,2920.00,,
02/01/20,2971.20,2919.90,3033.00,2912.00,,
01/31/2020,2940.55,2890.00,2950.50,2821.00,,
01/30/2020,2864.60,2900.45,2910.00,2813.45,,
01/29/2020,2901.85,2930.00,2959.90,2878.05,,
01/28/2020,2914.80,2940.00,2961.35,2902.00,,
01/27/2020,2954.95,2960.55,2984.90,2931.00,,
01/24/2020,2989.20,2964.00,2999.00,2956.00,,
01/23/2020,2974.55,2955.00,3004.15,2940.00,,
01/22/2020,2954.00,2955.00,2968.95,2917.60,,
01/21/2020,2949.60,2944.90,2974.90,2912.00,,
01/20/2020,2919.20,2925.00,2948.40,2899.95,,
01/17/2020,2907.25,2866.05,2956.45,2859.40,,
01/16/2020,2881.40,2960.00,2974.90,2820.70,,
01/15/2020,2956.50,2957.15,2969.00,2934.45,,
01/14/2020,2957.15,2943.00,2998.00,2921.90,,
01/13/2020,2955.20,2874.90,3040.00,2853.55,,
01/10/20,2854.95,2755.00,2869.90,2752.00,,
01/09/20,2751.60,2759.90,2864.00,2710.50,,
01/08/20,2747.70,2694.25,2760.00,2670.00,,
01/07/20,2669.40,2676.10,2736.20,2661.50,,
01/06/20,2688.55,2717.10,2717.10,2658.20,,
01/03/20,2717.10,2721.95,2750.00,2712.00,,
01/02/20,2721.95,2737.05,2752.05,2710.00,,
01/01/20,2736.15,2739.65,2755.00,2730.00,,
12/31/2019,2739.65,2758.50,2772.30,2734.40,,
12/30/2019,2748.95,2757.30,2787.95,2741.25,,
12/27/2019,2743.40,2838.00,2855.00,2732.25,,
12/26/2019,2830.90,2891.30,2904.00,2814.00,,
12/24/2019,2875.65,2905.00,2924.95,2864.00,,
12/23/2019,2890.60,2888.30,2913.35,2871.00,,
12/20/2019,2886.60,2928.40,2946.00,2875.00,,
12/19/2019,2920.00,2945.20,2950.35,2905.50,,
12/18/2019,2947.55,2951.50,2959.90,2895.05,,
12/17/2019,2950.85,2905.00,2980.00,2892.05,,
12/16/2019,2889.60,2920.00,2943.40,2875.05,,
12/13/2019,2933.10,2928.50,2949.80,2890.00,,
12/12/19,2915.90,2920.00,2950.00,2336.20,,
12/11/19,2920.25,2907.50,2933.50,2905.05,,
12/10/19,2899.20,2943.40,2963.95,2891.20,,
12/09/19,2952.30,2941.50,2969.80,2917.00,,
12/06/19,2939.90,2945.45,2974.75,2915.00,,
12/05/19,2951.05,2989.00,2989.00,2941.00,,
12/04/19,2986.80,2950.00,3025.00,2911.10,,
12/03/19,2964.40,2971.50,2985.00,2950.00,,
12/02/19,2965.95,2924.15,2975.00,2912.00,,
11/29/2019,2931.25,2932.70,2948.10,2910.00,,
11/28/2019,2934.65,2943.00,2948.40,2911.05,,
11/27/2019,2930.90,2932.90,2941.70,2917.25,,
11/26/2019,2911.50,2940.00,2970.00,2902.00,,
11/25/2019,2933.10,2935.00,2963.55,2886.15,,
11/22/2019,2910.30,2979.60,2988.35,2905.90,,
11/21/2019,2965.20,3065.00,3065.00,2926.20,,
11/20/2019,3064.55,3050.00,3098.00,3033.50,,
11/19/2019,3056.40,3063.95,3079.00,3040.00,,
11/18/2019,3055.95,3051.00,3085.00,3040.00,,
11/15/2019,3061.25,3026.65,3078.85,3026.65,,
11/14/2019,3058.80,3123.00,3123.00,3020.00,,
11/13/2019,3130.10,3110.00,3154.15,3106.00,,
11/11/19,3119.00,3126.10,3187.80,3101.50,,
11/08/19,3126.10,3134.90,3145.40,3109.70,,
11/07/19,3120.55,3148.05,3148.05,3110.00,,
11/06/19,3132.40,3112.10,3150.00,3109.80,,
11/05/19,3130.40,3146.35,3161.00,3125.00,,
11/04/19,3130.70,3174.00,3233.95,3104.00,,
11/01/19,3173.35,3149.00,3240.00,3140.00,,
10/31/2019,3140.50,3101.10,3180.05,3100.00,,
10/30/2019,3110.45,3088.75,3140.00,3058.50,,
10/29/2019,3088.75,3075.00,3099.00,3045.50,,
10/27/2019,3071.65,3071.65,3071.65,3071.65,,
10/25/2019,3065.45,3064.85,3092.00,3040.00,,
10/24/2019,3064.85,3069.70,3080.00,3040.00,,
10/23/2019,3055.30,3103.00,3105.00,3045.00,,
10/22/2019,3106.95,3095.00,3114.40,3070.00,,
10/18/2019,3070.25,3082.00,3129.80,3055.00,,
10/17/2019,3090.20,3152.95,3168.00,3049.90,,
10/16/2019,3152.95,3141.20,3170.00,3112.00,,
10/15/2019,3143.35,3095.00,3150.00,3087.65,,
10/14/2019,3093.55,3076.05,3124.55,3067.05,,
10/11/19,3111.55,3079.00,3124.00,3054.85,,
10/10/19,3074.75,3088.80,3140.00,3054.00,,
10/09/19,3099.85,3070.00,3120.00,3032.00,,
10/07/19,3075.15,3083.60,3150.00,3000.00,,
10/04/19,3068.25,3099.00,3160.00,3035.30,,
10/03/19,3084.05,3054.00,3143.00,3054.00,,
10/01/19,3080.15,3125.65,3149.05,3054.00,,
09/30/2019,3173.40,3038.50,3194.95,3000.65,,
09/27/2019,3038.05,2940.00,3063.00,2920.05,,
09/26/2019,2973.95,2954.80,3000.00,2935.00,,
09/25/2019,2953.95,2954.50,3018.40,2882.00,,
09/24/2019,2939.80,3014.00,3048.65,2926.75,,
09/23/2019,2999.00,3198.70,3262.70,2990.05,,
09/20/2019,3168.05,2930.00,3200.00,2904.00,,
09/19/2019,2941.80,2908.95,2950.00,2889.00,,
09/18/2019,2910.20,2893.15,2940.00,2855.00,,
09/17/2019,2878.75,2908.45,2911.00,2851.00,,
09/16/2019,2908.45,2950.00,2950.00,2654.00,,
09/13/2019,2946.90,2945.00,2965.00,2872.20,,
09/12/19,2922.05,3024.60,3030.05,2912.60,,
09/11/19,3009.55,3057.90,3076.50,2980.20,,
09/09/19,3042.70,3050.00,3053.15,3000.05,,
09/06/19,3041.50,3042.55,3080.00,3022.55,,
09/05/19,3042.55,3057.10,3060.25,3033.00,,
09/04/19,3061.75,3050.00,3088.00,3019.00,,
09/03/19,3054.05,3081.00,3081.00,3011.00,,
08/30/2019,3081.00,3005.85,3092.30,2970.00,,
08/29/2019,2990.90,3007.00,3050.00,2949.95,,
08/28/2019,3006.45,3025.75,3039.95,2998.05,,
08/27/2019,3010.70,3028.45,3050.00,2984.00,,
08/26/2019,3013.40,3025.10,3079.45,2955.65,,
08/23/2019,3016.45,2909.75,3047.90,2883.30,,
08/22/2019,2909.00,2851.05,2927.35,2851.05,,
08/21/2019,2850.20,2961.35,2977.15,2829.00,,
08/20/2019,2961.35,3012.00,3047.10,2950.00,,
08/19/2019,2998.05,3093.65,3179.35,2985.00,,
08/16/2019,3078.25,2990.00,3100.00,2990.00,,
08/14/2019,2985.55,3080.00,3087.00,2970.00,,
08/13/2019,3064.30,3168.30,3168.30,3040.00,,
08/09/19,3152.55,3214.70,3244.30,3137.00,,
08/08/19,3198.70,3270.00,3290.10,3181.70,,
08/07/19,3259.85,3324.00,3337.90,3191.05,,
08/06/19,3288.30,3258.35,3350.00,3258.35,,
08/05/19,3285.05,3285.50,3307.05,3211.65,,
08/02/19,3305.85,3260.00,3328.45,3260.00,,
08/01/19,3261.95,3389.95,3389.95,3250.00,,
07/31/2019,3394.60,3270.25,3419.40,3267.05,,
07/30/2019,3306.85,3337.20,3354.90,3288.00,,
07/29/2019,3320.60,3352.90,3381.95,3282.85,,
07/26/2019,3352.90,3298.00,3369.15,3298.00,,
07/25/2019,3297.95,3255.00,3315.05,3242.90,,
07/24/2019,3239.35,3360.00,3360.00,3207.05,,
07/23/2019,3353.25,3320.00,3379.95,3300.00,,
07/22/2019,3336.00,3338.00,3373.45,3299.50,,
07/19/2019,3330.85,3345.00,3395.00,3300.00,,
07/18/2019,3350.15,3305.20,3387.25,3305.20,,
07/17/2019,3324.85,3340.00,3369.00,3283.80,,
07/16/2019,3348.55,3360.00,3406.45,3329.95,,
07/15/2019,3381.55,3265.10,3395.00,3263.90,,
07/12/19,3292.55,3270.00,3308.45,3255.65,,
07/11/19,3283.00,3160.00,3294.90,3155.40,,
07/10/19,3144.45,3230.00,3263.25,3125.00,,
07/09/19,3243.50,3205.00,3271.00,3200.00,,
07/08/19,3217.55,3260.00,3269.00,3207.00,,
07/05/19,3293.55,3240.20,3424.20,3198.45,,
07/04/19,3235.95,3210.00,3268.90,3210.00,,
07/03/19,3207.15,3245.00,3295.30,3185.05,,
07/02/19,3256.80,3189.90,3274.00,3160.75,,
07/01/19,3160.60,3173.00,3224.00,3150.00,,
06/28/2019,3170.65,3197.90,3209.95,3158.00,,
06/27/2019,3179.80,3181.00,3245.00,3163.25,,
06/26/2019,3182.25,3177.00,3209.00,3163.00,,
06/25/2019,3209.05,3103.00,3217.90,3020.45,,
06/24/2019,3113.80,3097.90,3135.35,3090.25,,
06/21/2019,3098.65,3242.00,3264.00,3080.00,,
06/20/2019,3243.90,3200.00,3255.05,3146.20,,
06/19/2019,3206.35,3274.90,3274.90,3195.00,,
06/18/2019,3261.00,3220.00,3275.00,3212.90,,
06/17/2019,3223.95,3232.95,3264.00,3211.00,,
06/14/2019,3232.95,3290.00,3290.00,3225.65,,
06/13/2019,3267.25,3308.05,3313.90,3243.85,,
06/12/19,3313.55,3328.00,3328.00,3285.00,,
06/11/19,3307.20,3305.05,3328.00,3298.80,,
06/10/19,3304.35,3290.00,3320.00,3279.90,,
06/07/19,3282.60,3350.00,3350.00,3275.00,,
06/06/19,3338.90,3386.00,3395.00,3330.05,,
06/04/19,3377.20,3415.50,3447.00,3365.55,,
06/03/19,3435.95,3440.00,3445.00,3393.00,,
05/31/2019,3418.25,3429.95,3445.05,3405.50,,
05/30/2019,3403.35,3402.25,3423.90,3369.00,,
05/29/2019,3394.90,3439.00,3450.00,3368.45,,
05/28/2019,3426.75,3435.10,3449.70,3402.70,,
05/27/2019,3406.55,3404.00,3443.90,3393.95,,
05/24/2019,3418.45,3418.00,3431.55,3398.55,,
05/23/2019,3407.15,3425.00,3429.75,3394.05,,
05/22/2019,3415.00,3408.00,3433.35,3395.00,,
05/21/2019,3403.00,3434.50,3434.50,3364.15,,
05/20/2019,3426.85,3440.00,3474.00,3407.20,,
05/17/2019,3440.05,3445.00,3466.95,3421.10,,
05/16/2019,3441.45,3418.00,3463.40,3400.05,,
05/15/2019,3417.25,3432.70,3475.00,3404.95,,
05/14/2019,3433.05,3409.00,3448.80,3372.80,,
05/13/2019,3409.40,3399.00,3423.45,3379.95,,
05/10/19,3393.10,3489.95,3500.00,3355.70,,
05/09/19,3451.55,3440.00,3469.00,3439.85,,
05/08/19,3440.35,3453.05,3467.95,3397.05,,
05/07/19,3451.25,3425.00,3458.25,3415.50,,
05/06/19,3422.80,3426.00,3447.35,3409.45,,
05/03/19,3449.05,3445.00,3470.60,3413.65,,
05/02/19,3439.15,3525.00,3540.00,3430.10,,
04/30/2019,3519.80,3544.15,3563.85,3507.00,,
04/26/2019,3544.15,3530.10,3550.00,3517.90,,
04/25/2019,3529.85,3548.00,3557.05,3520.00,,
04/24/2019,3538.70,3506.90,3585.00,3502.00,,
04/23/2019,3506.90,3521.00,3538.55,3495.05,,
04/22/2019,3517.10,3528.00,3549.85,3493.55,,
04/18/2019,3528.55,3550.00,3569.40,3507.15,,
04/16/2019,3563.05,3615.00,3634.35,3546.80,,
04/15/2019,3610.20,3550.65,3620.00,3519.95,,
04/12/19,3553.65,3555.00,3568.40,3535.25,,
04/11/19,3551.75,3569.00,3595.00,3528.00,,
04/10/19,3558.20,3560.00,3616.00,3551.00,,
04/09/19,3570.35,3562.00,3608.75,3543.10,,
04/08/19,3569.20,3557.20,3585.90,3533.00,,
04/05/19,3557.20,3543.00,3578.45,3525.10,,
04/04/19,3554.05,3524.00,3573.75,3462.25,,
04/03/19,3508.35,3414.00,3561.45,3405.05,,
04/02/19,3414.75,3402.25,3447.00,3385.00,,
04/01/19,3390.20,3399.00,3416.65,3370.05,,
03/29/2019,3387.80,3372.00,3447.05,3365.00,,
03/28/2019,3362.90,3387.00,3408.95,3350.00,,
03/27/2019,3370.30,3360.00,3410.80,3355.00,,
03/26/2019,3358.30,3355.00,3375.90,3328.00,,
03/25/2019,3352.30,3389.50,3389.50,3333.00,,
03/22/2019,3373.25,3402.00,3420.00,3350.15,,
03/20/2019,3400.65,3378.00,3444.15,3360.00,,
03/19/2019,3351.90,3379.00,3379.00,3325.80,,
03/18/2019,3348.35,3367.30,3399.00,3338.00,,
03/15/2019,3356.15,3394.90,3420.00,3335.50,,
03/14/2019,3380.50,3439.75,3440.00,3350.55,,
03/13/2019,3420.00,3458.00,3495.00,3412.50,,
03/12/19,3458.25,3463.90,3499.00,3432.75,,
03/11/19,3442.40,3465.00,3470.00,3425.05,,
03/08/19,3450.75,3451.00,3472.25,3419.95,,
03/07/19,3451.55,3515.20,3526.00,3437.55,,
03/06/19,3510.50,3589.50,3610.00,3491.00,,
03/05/19,3573.05,3490.00,3609.85,3490.00,,
03/01/19,3504.80,3521.90,3550.30,3491.15,,
02/28/2019,3501.85,3502.80,3533.35,3494.95,,
02/27/2019,3502.80,3489.35,3519.00,3455.05,,
02/26/2019,3475.60,3481.15,3489.90,3440.45,,
02/25/2019,3503.10,3455.40,3519.90,3435.00,,
02/22/2019,3452.30,3470.00,3490.60,3427.20,,
02/21/2019,3465.30,3491.90,3500.00,3449.30,,
02/20/2019,3484.15,3476.00,3514.50,3452.65,,
02/19/2019,3485.25,3521.50,3535.15,3469.85,,
02/18/2019,3535.10,3603.10,3646.10,3517.75,,
02/15/2019,3633.00,3630.00,3660.00,3560.00,,
02/14/2019,3627.15,3781.00,3855.60,3471.05,,
02/13/2019,3815.45,3793.15,3864.00,3749.60,,
02/12/19,3809.15,3780.00,3848.95,3762.90,,
02/11/19,3788.40,3740.00,3849.00,3719.60,,
02/08/19,3731.90,3732.05,3870.00,3714.05,,
02/07/19,3839.75,3890.00,3938.95,3821.70,,
02/06/19,3879.70,3820.00,3917.95,3818.15,,
02/05/19,3828.25,3804.90,3848.55,3785.25,,
02/04/19,3796.20,3773.20,3820.00,3753.00,,
02/01/19,3794.80,3801.05,3829.45,3752.50,,
01/31/2019,3801.05,3778.00,3833.15,3749.55,,
01/30/2019,3768.95,3746.40,3795.00,3717.75,,
01/29/2019,3748.25,3720.05,3752.60,3699.75,,
01/28/2019,3727.15,3735.00,3751.55,3696.05,,
01/25/2019,3708.00,3776.00,3830.00,3686.35,,
01/24/2019,3796.40,3805.00,3810.00,3732.20,,
01/23/2019,3769.65,3665.00,3812.20,3655.55,,
01/22/2019,3684.80,3675.50,3760.00,3663.50,,
01/21/2019,3683.70,3639.95,3710.00,3604.25,,
01/18/2019,3615.85,3685.40,3685.95,3590.65,,
01/17/2019,3694.40,3678.00,3722.00,3658.30,,
01/16/2019,3682.75,3667.90,3689.00,3628.05,,
01/15/2019,3661.90,3606.05,3684.70,3604.10,,
01/14/2019,3621.75,3648.00,3648.00,3588.10,,
01/11/19,3637.35,3648.50,3650.00,3606.50,,
01/10/19,3635.60,3619.00,3647.00,3570.75,,
01/09/19,3599.10,3588.50,3644.00,3584.30,,
01/08/19,3581.60,3599.00,3617.00,3566.10,,
01/07/19,3596.20,3598.20,3624.00,3571.00,,
01/04/19,3598.20,3606.00,3623.45,3551.35,,
01/03/19,3594.65,3697.00,3730.00,3575.65,,
01/02/19,3710.95,3738.95,3760.00,3693.30,,
01/01/19,3729.45,3700.10,3740.00,3690.00,,