Date,Price,Open,High,Low,
12/29/2023,4139.55,4176,4193.4,4111.55,
12/28/2023,4173.25,4064.3,4189,4054.15,
12/27/2023,4064.3,4064,4096.95,4022,
12/26/2023,4067.45,3949.95,4079,3935.1,
12/22/2023,3935.7,3870,3944,3850.15,
12/21/2023,3850.15,3775.05,3867.9,3752.05,
12/20/2023,3815.5,3854.45,3905.9,3788.75,
12/19/2023,3821.85,3912.8,3914.8,3799.95,
12/18/2023,3889.75,3900,3948.6,3884.35,
12/15/2023,3896.55,3939,3940,3886.15,
12/14/2023,3883.65,3878,3905.9,3838.5,
12/13/2023,3863.3,3740,3870,3734.8,
12/12/23,3747.15,3728,3793.95,3715.25,
12/11/23,3704.65,3715.75,3728.65,3683,
12/08/23,3715.75,3788,3802.1,3692.4,
12/07/23,3772.65,3780,3811.95,3761.3,
12/06/23,3761.05,3785.2,3825,3729.55,
12/05/23,3806.75,3798,3825,3779.1,
12/04/23,3797.1,3880,3880,3784,
12/01/23,3760,3860,3865,3740.35,
11/30/2023,3819.05,3800,3884.5,3782.2,
11/29/2023,3746.9,3635,3788.15,3625.7,
11/28/2023,3622,3560,3628,3555.05,
11/24/2023,3548.6,3568,3579.8,3532.75,
11/23/2023,3568,3419.95,3576,3419.95,
11/22/2023,3413.6,3387,3427.7,3368.8,
11/21/2023,3376.5,3354.95,3395,3330.05,
11/20/2023,3346.35,3357,3368,3315.6,
11/17/2023,3334.75,3289.7,3368.8,3280.05,
11/16/2023,3280.05,3186,3299,3178.1,
11/15/2023,3177.85,3144.95,3181.6,3130.1,
11/13/2023,3118.8,3102.1,3136.95,3102.1,
11/12/23,3113.85,3140,3140,3110.1,
11/10/23,3105.2,3173.85,3179.05,3095.15,
11/09/23,3173.9,3145,3196,3135,
11/08/23,3132.1,3160.3,3166.4,3126.85,
11/07/23,3130.25,3174.95,3181.2,3121.3,
11/06/23,3166.9,3110,3175.25,3095.7,
11/03/23,3089.4,3085,3110.2,3072.05,
11/02/23,3052.1,3139,3149.95,3041.5,
11/01/23,3092.45,3095.95,3144.65,3075.55,
10/31/2023,3088.35,3115.05,3139.6,3080.15,
10/30/2023,3110.35,3112.25,3128.55,3055,
10/27/2023,3112.2,3125.2,3152.9,3104.05,
10/26/2023,3111.95,3129,3130.05,3085,
10/25/2023,3140.85,3150,3171,3090,
10/23/2023,3149.85,3205.55,3232.75,3139.45,
10/20/2023,3211.25,3260,3265,3203.55,
10/19/2023,3265.85,3149.5,3275,3138.05,
10/18/2023,3153.15,3170,3184,3149,
10/17/2023,3172.95,3182.1,3187.55,3166.5,
10/16/2023,3161,3104,3174.3,3099.85,
10/13/2023,3098.45,3084,3119,3080.05,
10/12/23,3088.25,3116.95,3132.1,3064.95,
10/11/23,3100.85,3000,3111,2987.55,
10/10/23,2976.8,2975,3003.1,2966,
10/09/23,2955.1,3021.1,3049.95,2923.95,
10/06/23,3038,3040,3045,3022.5,
10/05/23,3016.65,3020,3048.85,2993.4,
10/04/23,2989.05,3015.95,3020,2976.05,
10/03/23,3015.6,3058,3064.9,2991.5,
09/29/2023,3057.25,2985.05,3070,2972.15,
09/28/2023,2970,3006.5,3018.2,2960.05,
09/27/2023,3006.35,3034,3034,3000,
09/26/2023,3034.35,2975,3039,2970.05,
09/25/2023,2974.7,3015.2,3022.7,2968.4,
09/22/2023,3022.7,3010,3040,2990.15,
09/21/2023,3000.95,3057,3062.95,2990,
09/20/2023,3061.85,3114.6,3132.85,3048.25,
09/18/2023,3114.65,3066.75,3128,3038,
09/15/2023,3064.85,3014.6,3103,3004.95,
09/14/2023,2998.4,3006.8,3028.95,2976,
09/13/2023,2994.4,3020.05,3034.9,2985.1,
09/12/23,3020.05,3069.3,3069.3,3010,
09/11/23,3054.35,3028.9,3059,3019.05,
09/08/23,3008.75,2969.8,3027,2960.15,
09/07/23,2960.9,2940,2968.45,2930.6,
09/06/23,2938,2955,2955,2916.85,
09/05/23,2935.35,2965,2973.9,2928.2,
09/04/23,2942.85,2950,2964.95,2922.75,
09/01/23,2927.4,2932.95,2947.15,2908,
08/31/2023,2915.95,2965,2965,2890.05,
08/30/2023,2951.85,3008,3008,2942.15,
08/29/2023,2988.15,2948,2993,2938.05,
08/28/2023,2931.75,2925,2951.2,2911.85,
08/25/2023,2910.9,2931.8,2945,2890,
08/24/2023,2927.75,2955,2971.45,2920,
08/23/2023,2951.75,2969,2975,2934.8,
08/22/2023,2956.75,2940,2965.6,2920,
08/21/2023,2931.5,2929,2944.35,2912.4,
08/18/2023,2927.05,2989.7,2989.7,2920,
08/17/2023,2991.05,2997.4,2997.4,2960.75,
08/16/2023,2981.75,3005,3016.85,2956,
08/14/2023,3010.65,3009.9,3025,2952.2,
08/11/23,2998.2,3044.9,3073.35,2980,
08/10/23,3035.9,3051.4,3062.9,3013,
08/09/23,3059.7,3079.85,3081.35,3004.1,
08/08/23,3066.9,3005,3088.75,2980,
08/07/23,2954.05,2950,2964.95,2929.65,
08/04/23,2944.7,2977,2985,2921.45,
08/03/23,2952.4,2972,3021.55,2933.05,
08/02/23,2993.45,3061,3073,2971.85,
08/01/23,3102.1,3224.95,3244,3032.25,
07/31/2023,3203.7,3189.75,3230,3173,
07/28/2023,3172.5,3146.95,3175,3131.45,
07/27/2023,3136.95,3107.55,3158.95,3097.8,
07/26/2023,3145.7,3164.95,3189.9,3126.1,
07/25/2023,3140.3,3179,3179,3128.15,
07/24/2023,3134.05,3129.9,3155,3090.05,
07/21/2023,3102.05,3079.05,3124.6,3049.5,
07/20/2023,3087.15,3095.95,3100.2,3051,
07/19/2023,3096.65,3125,3143.65,3082.5,
07/18/2023,3116.4,3099,3120,3085.9,
07/17/2023,3091.6,3144.65,3157.4,3067,
07/14/2023,3136.3,3078.9,3142.5,3073.1,
07/13/2023,3073.1,3078.85,3130.95,3055.5,
07/12/23,3078.85,3099.9,3113.3,3057.45,
07/11/23,3102.6,3099,3128,3084.2,
07/10/23,3123.7,3156.45,3186.35,3085.9,
07/07/23,3148.2,3150,3172,3126,
07/06/23,3172.1,3139,3206.85,3118.7,
07/05/23,3158.2,3050,3172,3030.2,
07/04/23,3029.8,2951.1,3039.9,2915.7,
07/03/23,2898.75,2875,2911.85,2862.4,
06/30/2023,2910.1,2839.95,2920,2835,
06/28/2023,2828.75,2850,2861.35,2795,
06/27/2023,2844.1,2858,2866.9,2827.45,
06/26/2023,2851.25,2776.4,2859,2775,
06/23/2023,2776.4,2825.25,2839.75,2765,
06/22/2023,2825.05,2830,2862,2816.8,
06/21/2023,2823.55,2801,2830,2800,
06/20/2023,2800.7,2775,2809.6,2745.05,
06/19/2023,2782.6,2820,2827.7,2777.05,
06/16/2023,2832.05,2843,2844.9,2805,
06/15/2023,2843.05,2939.9,2961.4,2810,
06/14/2023,2931.6,2952.45,2967.55,2923.65,
06/13/2023,2952.45,2917,2955.9,2904.05,
06/12/23,2930.4,2906.3,2938.25,2878.1,
06/09/23,2899.3,2987.9,3025,2887.3,
06/08/23,2964.8,2977.55,3026,2948.2,
06/07/23,2958,2917.95,2979,2907.1,
06/06/23,2904.8,2870,2912,2860.95,
06/05/23,2870.6,2910.05,2919.8,2865,
06/02/23,2892.65,2836,2912.65,2836,
06/01/23,2800.4,2758.85,2812.65,2746.85,
05/31/2023,2759.9,2779.05,2787,2739.05,
05/30/2023,2779.15,2776.85,2795,2760.2,
05/29/2023,2776.9,2760,2794.8,2736.05,
05/26/2023,2745.15,2734.45,2749.9,2713.6,
05/25/2023,2732.8,2738.95,2759,2709.05,
05/24/2023,2738.7,2711,2744.75,2706,
05/23/2023,2710.45,2692.15,2718.15,2674.05,
05/22/2023,2692.15,2710.55,2722,2681.1,
05/19/2023,2713,2740.65,2744.05,2667.2,
05/18/2023,2735.15,2745.05,2759.15,2724.25,
05/17/2023,2722.95,2688.95,2766.4,2682.4,
05/16/2023,2686,2699.95,2717.55,2680.55,
05/15/2023,2691.9,2627,2720,2606,
05/12/23,2605.9,2595,2614,2586.2,
05/11/23,2585.45,2600,2604,2575.05,
05/10/23,2586.05,2600,2604.15,2572.1,
05/09/23,2591.55,2587.45,2604,2575.25,
05/08/23,2576.35,2566,2592,2566,
05/05/23,2547.25,2537,2562,2512.55,
05/04/23,2514.5,2507.95,2532.75,2504.3,
05/03/23,2502.65,2490,2518,2478.9,
05/02/23,2495.9,2539.95,2539.95,2466,
04/28/2023,2558.6,2520,2567,2515.15,
04/27/2023,2508.65,2500,2526.85,2497.05,
04/26/2023,2505.15,2510,2524,2492.05,
04/25/2023,2497.75,2504.9,2534,2493.85,
04/24/2023,2501.05,2459.95,2524,2443.4,
04/21/2023,2459.35,2450.95,2476.4,2448.55,
04/20/2023,2448.55,2450,2462.25,2431.85,
04/19/2023,2445.95,2435,2452.1,2421.1,
04/18/2023,2439.7,2470.95,2474.95,2425,
04/17/2023,2465.95,2430,2469,2419.5,
04/13/2023,2447.05,2477.3,2477.3,2438,
04/12/23,2477.3,2475,2485,2449.2,
04/11/23,2469.85,2474,2478.85,2448.05,
04/10/23,2460.65,2430,2467.85,2417.15,
04/06/23,2426.45,2432.2,2438.2,2410.3,
04/05/23,2432.2,2440.8,2441.55,2419.1,
04/03/23,2431.1,2385,2434.5,2372.05,
03/31/2023,2347.35,2314.75,2356.9,2314.75,
03/29/2023,2304.15,2250,2315.5,2250,
03/28/2023,2249.5,2301,2308.6,2246,
03/27/2023,2308.6,2319.95,2330.9,2296.55,
03/24/2023,2313.35,2363,2378.7,2304.1,
03/23/2023,2362.5,2365,2383.85,2357,
03/22/2023,2353.2,2349.05,2369.25,2346,
03/21/2023,2349.05,2344.95,2356.35,2331,
03/20/2023,2339.35,2355.15,2356.45,2304,
03/17/2023,2355.15,2375,2375.55,2328.8,
03/16/2023,2370.95,2369.4,2394,2365,
03/15/2023,2379.45,2400,2407.85,2370.05,
03/14/2023,2373.45,2394.95,2411.5,2368.4,
03/13/2023,2387.05,2441.9,2441.9,2380,
03/10/23,2440.3,2417,2443.8,2405.3,
03/09/23,2443.8,2486,2491.05,2440,
03/08/23,2478.05,2457,2481,2440.6,
03/06/23,2479.7,2472,2491.75,2461.2,
03/03/23,2461.55,2475.7,2478.8,2457,
03/02/23,2463.35,2443.5,2483.3,2440.9,
03/01/23,2431.1,2415,2443.95,2414.3,
02/28/2023,2419.1,2447.95,2472,2410.35,
02/27/2023,2437.55,2485.65,2488,2430,
02/24/2023,2485.65,2496,2508.55,2481.4,
02/23/2023,2495.5,2500.55,2512.6,2482.8,
02/22/2023,2499.45,2507,2534.65,2495,
02/21/2023,2520.55,2540,2545,2516.5,
02/20/2023,2527.45,2540,2544.5,2513.75,
02/17/2023,2535.55,2492.95,2539.1,2492.95,
02/16/2023,2556.7,2590,2590,2546.5,
02/15/2023,2572,2545,2575,2537,
02/14/2023,2542.5,2574.4,2577.1,2536.05,
02/13/2023,2561.55,2593.95,2602,2555.05,
02/10/23,2583.3,2559.2,2589.65,2550.3,
02/09/23,2559.2,2614,2614,2549.1,
02/08/23,2614.65,2659.05,2686.95,2592.05,
02/07/23,2652.6,2686,2694.8,2615.05,
02/06/23,2695,2652.05,2704.8,2645.1,
02/03/23,2654.25,2674.3,2684.15,2621.05,
02/02/23,2660.95,2689,2713.2,2634.6,
02/01/23,2727.25,2775.55,2822.85,2675.05,
01/31/2023,2763.25,2724.45,2772,2684.6,
01/30/2023,2702.3,2723.05,2764.95,2681.1,
01/27/2023,2736.15,2788,2810.1,2714.6,
01/25/2023,2785,2779,2793,2766,
01/24/2023,2771.9,2777,2787,2762.25,
01/23/2023,2774.6,2751.45,2812,2750.05,
01/20/2023,2746.45,2767.5,2767.5,2729.35,
01/19/2023,2769.55,2762,2779.75,2751.6,
01/18/2023,2769.95,2766.9,2786.35,2747.45,
01/17/2023,2766.85,2765,2769,2729.7,
01/16/2023,2758.6,2732,2765,2710,
01/13/2023,2728.45,2683.3,2744.9,2683.3,
01/12/23,2694.25,2690,2700.3,2663,
01/11/23,2693.75,2712.1,2720,2684.05,
01/10/23,2712.05,2750,2758.05,2687.7,
01/09/23,2752.35,2757,2772.4,2740.25,
01/06/23,2742.55,2767,2775.35,2733.75,
01/05/23,2767.15,2707.9,2771.1,2702,
01/04/23,2709.3,2707,2728,2697.75,
01/03/23,2720.4,2702.2,2739.9,2702,
01/02/23,2715.9,2738.85,2749.6,2710,
12/30/2022,2738.85,2735.85,2764.85,2722.9,
12/29/2022,2722.2,2691.6,2745,2671.45,
12/28/2022,2696.6,2687.6,2726.75,2685,
12/27/2022,2702.35,2694.95,2718.25,2685.5,
12/26/2022,2686.3,2645,2698,2611.6,
12/23/2022,2636.85,2715,2720,2628.65,
12/22/2022,2727.7,2757.2,2796.55,2717.3,
12/21/2022,2757.45,2772.55,2798.05,2737,
12/20/2022,2772.55,2770,2790.6,2743.4,
12/19/2022,2780.6,2724.85,2785,2709.05,
12/16/2022,2724.85,2745.1,2767.65,2717.15,
12/15/2022,2770.85,2738.5,2783.8,2734.6,
12/14/2022,2747.35,2762.45,2782.9,2727.6,
12/13/2022,2759.45,2783.9,2815.05,2747.9,
12/12/22,2771.45,2751,2774.9,2736.05,
12/09/22,2751.5,2762,2782.25,2731.15,
12/08/22,2758.2,2750,2778.8,2745.25,
12/07/22,2759.55,2793.05,2802,2751,
12/06/22,2798.8,2822,2825,2778.05,
12/05/22,2827.65,2810,2832.9,2785.65,
12/02/22,2820.45,2865,2865,2813,
12/01/22,2871.8,2855,2884,2826.6,
11/30/2022,2851.9,2831.95,2861,2820.1,
11/29/2022,2828.25,2783.15,2837.95,2773.1,
11/28/2022,2783.5,2719.95,2804,2712.05,
11/25/2022,2708.15,2673,2716.75,2663.5,
11/24/2022,2673.1,2665,2680.65,2645.8,
11/23/2022,2658.85,2691,2697.5,2648.75,
11/22/2022,2685.45,2669.8,2690.85,2667,
11/21/2022,2677.45,2715,2722.5,2665,
11/18/2022,2723.15,2735,2739.1,2702.6,
11/17/2022,2744,2741,2765.1,2727.2,
11/16/2022,2739.45,2730.55,2755,2709.05,
11/15/2022,2730.75,2694.5,2754.05,2692,
11/14/2022,2688.4,2670.5,2708,2655.9,
11/11/22,2668.5,2726.1,2731.95,2660.05,
11/10/22,2712.5,2651.45,2722,2626.35,
11/09/22,2651.5,2630,2656.55,2622.05,
11/07/22,2621.05,2599,2625,2590,
11/04/22,2588.9,2621,2637.2,2573.45,
11/03/22,2646.35,2639,2668.4,2628,
11/02/22,2643.95,2649.95,2657.2,2630.35,
11/01/22,2673.15,2690.25,2690.85,2639.3,
10/31/2022,2676.85,2668,2694.15,2656.5,
10/28/2022,2649.85,2623.85,2674.35,2619,
10/27/2022,2610.75,2598,2620,2577.05,
10/25/2022,2585.6,2586.1,2602,2566.05,
10/24/2022,2581.9,2586,2590,2575,
10/21/2022,2569.85,2571,2577,2547.95,
10/20/2022,2565.55,2536.45,2570,2502.75,
10/19/2022,2541.2,2574,2574,2532.2,
10/18/2022,2562,2566.5,2596.75,2534.7,
10/17/2022,2553.7,2524,2570,2521.55,
10/14/2022,2535.9,2575.5,2585,2529.05,
10/13/2022,2546.45,2553,2574.3,2532,
10/12/22,2550.05,2550,2564.45,2516.1,
10/11/22,2548.15,2575,2575.5,2533.8,
10/10/22,2570.5,2599.8,2599.8,2531.4,
10/07/22,2624.95,2684.9,2734.9,2609.9,
10/06/22,2646.1,2654,2663.65,2630.25,
10/04/22,2621.8,2580,2627.9,2561.1,
10/03/22,2525.55,2538.5,2573.95,2520.45,
09/30/2022,2549.2,2549,2592.15,2510,
09/29/2022,2536.3,2600.05,2604.35,2525,
09/28/2022,2591.35,2600,2625,2575.1,
09/27/2022,2638.25,2735,2735,2630,
09/26/2022,2721.35,2740,2754.85,2670.2,
09/23/2022,2762.05,2790.9,2812.25,2742.4,
09/22/2022,2776.95,2776.65,2799.35,2733,
09/21/2022,2776.65,2785,2807.95,2767.6,
09/20/2022,2771.55,2717.95,2823.25,2714.65,
09/19/2022,2704.4,2698.65,2724.95,2664.85,
09/16/2022,2685.2,2804.3,2804.3,2670,
09/15/2022,2790.3,2855,2855,2766.55,
09/14/2022,2851.5,2830,2869.7,2830,
09/13/2022,2870,2836,2903,2832,
09/12/22,2857.9,2847,2869.9,2841.35,
09/09/22,2838.45,2871.6,2878.25,2832.7,
09/08/22,2857.3,2869.05,2873.5,2846,
09/07/22,2854.75,2840,2875,2831,
09/06/22,2866.55,2842.05,2869.75,2827.8,
09/05/22,2842.05,2828,2848,2808.05,
09/02/22,2825.15,2888.3,2889,2820.1,
09/01/22,2876.65,2820,2882.2,2792.9,
08/30/2022,2837.7,2842,2864,2831.55,
08/29/2022,2827.05,2788.9,2831.95,2761.1,
08/26/2022,2826.75,2835,2840.9,2817.05,
08/25/2022,2799.8,2808.1,2821.05,2791.9,
08/24/2022,2806.35,2781.35,2824,2780,
08/23/2022,2803.4,2775,2810,2756.15,
08/22/2022,2780.55,2835,2835.65,2765.55,
08/19/2022,2838.65,2912,2936.9,2832.85,
08/18/2022,2908.2,2927.95,2938.6,2903.15,
08/17/2022,2913.45,2815,2929,2808.05,
08/16/2022,2817,2805,2845.65,2781.5,
08/12/22,2761.9,2789.95,2795,2751.85,
08/11/22,2785.3,2790.35,2818,2767.4,
08/10/22,2775.45,2785,2785,2732.9,
08/08/22,2738.05,2770,2793.3,2730,
08/05/22,2770.7,2808,2809.9,2761,
08/04/22,2807,2819.9,2827.95,2779.15,
08/03/22,2801.9,2786,2807.8,2749.4,
08/02/22,2771.45,2826.1,2828.95,2742.05,
08/01/22,2840.8,2834.95,2908,2820,
07/29/2022,2818.05,2800,2846.8,2789.6,
07/28/2022,2780.7,2798,2812,2754.4,
07/27/2022,2782.55,2765,2787.95,2730.35,
07/26/2022,2800.75,2840,2847.7,2785.65,
07/25/2022,2838.85,2875,2875.8,2831.45,
07/22/2022,2871.6,2851.05,2883.4,2840.3,
07/21/2022,2847.8,2820,2854,2815.05,
07/20/2022,2826.75,2820,2838.75,2810,
07/19/2022,2801.2,2815,2846.85,2783.45,
07/18/2022,2817.95,2829.95,2835.85,2805.25,
07/15/2022,2800.05,2799.95,2816.45,2782.75,
07/14/2022,2792.8,2838,2866,2772.05,
07/13/2022,2843.35,2885,2891.8,2835,
07/12/22,2875.5,2854.5,2884.55,2834,
07/11/22,2868.1,2815,2875.4,2808.05,
07/08/22,2849.3,2848.4,2879.95,2819.05,
07/07/22,2839.45,2857,2868.75,2825.15,
07/06/22,2831.8,2737.5,2842,2734.1,
07/05/22,2737.25,2763.3,2770.85,2730,
07/04/22,2760.45,2750,2799,2738.9,
07/01/22,2763.8,2715,2770,2683.35,
06/30/2022,2719.7,2745,2773,2714,
06/29/2022,2752.4,2740.05,2784.75,2730,
06/28/2022,2766.7,2748,2792.7,2730,
06/27/2022,2755.5,2787.55,2809,2730.6,
06/24/2022,2759.95,2715,2767.7,2690.2,
06/23/2022,2674.1,2572.55,2686.65,2572.55,
06/22/2022,2524.45,2495,2553.5,2480,
06/21/2022,2499.2,2465,2524.85,2465,
06/20/2022,2452.55,2455.1,2501.45,2433.9,
06/17/2022,2467.4,2518,2518,2455.65,
06/16/2022,2519.05,2620.5,2624.25,2511.05,
06/15/2022,2605.3,2567,2628,2557.6,
06/14/2022,2557.6,2595.95,2614.9,2530,
06/13/2022,2598.8,2560,2612.3,2536.55,
06/10/22,2601.95,2580,2614.4,2575.45,
06/09/22,2598.1,2579.95,2603.55,2560,
06/08/22,2585.95,2584,2617.05,2553.35,
06/07/22,2570.85,2525,2578.05,2500,
06/06/22,2540.75,2565,2594.45,2525.1,
06/03/22,2583.75,2675,2688.7,2575.15,
06/02/22,2663.1,2730.6,2733,2640.4,
06/01/22,2757.6,2799.9,2799.9,2731.5,
05/31/2022,2773.9,2774.9,2809.95,2752.15,
05/30/2022,2770.55,2724,2787.45,2724,
05/27/2022,2719.8,2645.15,2726.9,2638,
05/26/2022,2636.45,2608,2647.35,2575,
05/25/2022,2594.7,2640.2,2669.25,2583.65,
05/24/2022,2637,2629.95,2654,2613.4,
05/23/2022,2624.7,2615.05,2699.95,2610.55,
05/20/2022,2590.15,2545,2613.4,2545,
05/19/2022,2515.5,2510.1,2549,2500.55,
05/18/2022,2539,2525.35,2554.2,2511.8,
05/17/2022,2523.5,2515,2538.85,2502.05,
05/16/2022,2495.9,2450.05,2511.95,2440,
05/13/2022,2449.15,2414.95,2500,2414.95,
05/12/22,2401.2,2459,2459,2371,
05/11/22,2470.3,2465.5,2519.4,2407.9,
05/10/22,2469.75,2485,2519.35,2458.6,
05/09/22,2492.75,2555,2560,2486,
05/06/22,2563.35,2410,2599,2407.25,
05/05/22,2501.65,2430.1,2538.15,2430.1,
05/04/22,2409.5,2440,2520,2398.8,
05/02/22,2487.3,2460.2,2505.6,2448.1,
04/29/2022,2506.65,2508.6,2552,2491.45,
04/28/2022,2517.3,2539.8,2541.95,2498.05,
04/27/2022,2500,2390,2528.6,2370,
04/26/2022,2407.25,2311,2413,2301.3,
04/25/2022,2288.6,2268.3,2332.95,2266,
04/22/2022,2294.25,2295,2305,2273.65,
04/21/2022,2317.65,2282,2321.75,2277,
04/20/2022,2274.85,2270,2315,2261.65,
04/19/2022,2263.25,2308,2327.5,2242.4,
04/18/2022,2285.4,2269.9,2294.95,2249.15,
04/13/2022,2274.4,2291.55,2311.15,2268.9,
04/12/22,2297.9,2324.95,2325.95,2285.5,
04/11/22,2335.4,2357.95,2361.75,2331.15,
04/08/22,2362.45,2355,2380,2330.55,
04/07/22,2350.6,2350,2368.2,2336.85,
04/06/22,2346.9,2328,2349.15,2306.55,
04/05/22,2332.25,2329.9,2352.65,2315,
04/04/22,2311.75,2250,2319,2250,
04/01/22,2240.15,2185,2246,2150,
03/31/2022,2294.15,2280,2316.9,2280,
03/30/2022,2271.65,2250,2281,2226.4,
03/29/2022,2210.65,2385,2401,2154.05,
03/28/2022,2377.95,2370,2397.85,2349,
03/25/2022,2378.4,2420,2438,2366.75,
03/24/2022,2412.15,2361,2427.25,2333,
03/23/2022,2394.65,2423,2439.8,2327.2,
03/22/2022,2423.65,2405,2435,2345.05,
03/21/2022,2391.55,2434.75,2447.95,2380,
03/17/2022,2419.9,2383,2429.25,2375,
03/16/2022,2369.5,2350.2,2376.5,2335,
03/15/2022,2318.4,2345,2380,2300,
03/14/2022,2341.9,2330,2351,2282.3,
03/11/22,2331.2,2318,2345,2287.1,
03/10/22,2320.75,2350,2410.45,2312.05,
03/09/22,2290.5,2266,2310.6,2235.15,
03/08/22,2251.65,2181,2259.25,2146.85,
03/07/22,2198.7,2289.8,2289.8,2170.1,
03/04/22,2311.3,2400,2403.6,2301.1,
03/03/22,2417.4,2441,2468,2405,
03/02/22,2426.3,2498,2498.5,2421,
02/28/2022,2535.45,2527,2546.95,2489.05,
02/25/2022,2558.4,2584.7,2592,2504.7,
02/24/2022,2490.4,2618.6,2624.6,2440,
02/23/2022,2670.65,2745,2762.45,2665,
02/22/2022,2731,2674.95,2752,2646.05,
02/21/2022,2713.35,2719.95,2748,2685,
02/18/2022,2774.05,2780,2818,2748.95,
02/17/2022,2793.45,2800,2872.3,2780.55,
02/16/2022,2786.8,2766.2,2844.6,2766.2,
02/15/2022,2778.65,2650,2787.85,2630,
02/14/2022,2648.5,2681,2703.15,2630.75,
02/11/22,2718.6,2670,2747,2655,
02/10/22,2734.1,2745.4,2751,2701.05,
02/09/22,2728.85,2680.4,2736.6,2673.05,
02/08/22,2671.95,2660.55,2691.65,2650,
02/07/22,2648.05,2721.75,2734,2625,
02/04/22,2721.75,2765,2780,2712.75,
02/03/22,2781.5,2704.3,2817.95,2684,
02/02/22,2702.4,2703,2743.4,2698,
02/01/22,2726.75,2748,2769.8,2678,
01/31/2022,2724.3,2680.15,2734.05,2680.15,
01/28/2022,2672.15,2720.2,2755,2663.05,
01/27/2022,2715,2733,2770,2689,
01/25/2022,2782.05,2704.1,2789,2652.85,
01/24/2022,2706.2,2740,2769.4,2667.55,
01/21/2022,2750.1,2703.7,2777,2657.25,
01/20/2022,2709.45,2700,2759.25,2696.05,
01/19/2022,2699.8,2695,2740,2675.05,
01/18/2022,2692.85,2703,2727,2655.2,
01/17/2022,2701.5,2599,2724.45,2591.45,
01/14/2022,2569.7,2590,2594.8,2555,
01/13/2022,2593.6,2599,2600,2570,
01/12/22,2590.5,2575,2595,2562,
01/11/22,2568.25,2584.65,2592.15,2560.8,
01/10/22,2578.1,2489.3,2584,2489.3,
01/07/22,2499.1,2509,2515.5,2482,
01/06/22,2496,2490,2509,2464,
01/05/22,2506,2484.95,2512.95,2477.95,
01/04/22,2484.9,2492,2496.6,2468.4,
01/03/22,2476.6,2463,2496.5,2463,
12/31/2021,2462.1,2432,2483.6,2432,
12/30/2021,2431.9,2425,2437.85,2412.35,
12/29/2021,2433.25,2421,2442.8,2410,
12/28/2021,2417.8,2404,2425,2395.9,
12/27/2021,2402,2390,2410.2,2371,
12/24/2021,2392.45,2413,2413,2376.6,
12/23/2021,2392.7,2365,2403,2352.5,
12/22/2021,2348.8,2355,2366,2337.3,
12/21/2021,2347.4,2390,2390,2333.05,
12/20/2021,2356.65,2435,2435,2310,
12/17/2021,2444.65,2469,2469,2421,
12/16/2021,2471.1,2513,2525,2459.3,
12/15/2021,2507.15,2484.1,2524,2476.15,
12/14/2021,2483.8,2480,2488,2460,
12/13/2021,2495,2550,2552,2490,
12/10/21,2526.85,2520.7,2544.8,2512.9,
12/09/21,2520.95,2510,2528.9,2481.4,
12/08/21,2490.65,2460.15,2500,2460.15,
12/07/21,2461.8,2435,2475,2430.1,
12/06/21,2420,2474.75,2475.4,2411.65,
12/03/21,2462.45,2485,2497.45,2451.05,
12/02/21,2472.7,2428,2483.2,2408.9,
12/01/21,2448.2,2480,2480,2437.05,
11/30/2021,2449.3,2476,2512.65,2424.05,
11/29/2021,2490.8,2525,2528.95,2446.15,
11/26/2021,2529.4,2580,2589.7,2505.15,
11/25/2021,2594.7,2640,2640,2581.1,
11/24/2021,2621.05,2646.5,2657.9,2613,
11/23/2021,2632.2,2624.95,2646.9,2600,
11/22/2021,2634.6,2685,2698.2,2618.7,
11/18/2021,2684.85,2760,2763,2667.15,
11/17/2021,2749.35,2750.9,2773.65,2731.85,
11/16/2021,2750.9,2712.2,2769,2701,
11/15/2021,2693.25,2735,2784.8,2686,
11/12/21,2683.05,2720,2720,2680,
11/11/21,2700.9,2725,2725,2685.6,
11/10/21,2718.8,2714,2731.95,2701.85,
11/09/21,2714.35,2694.95,2750,2683.6,
11/08/21,2682.9,2707.7,2709.7,2670.5,
11/04/21,2677.5,2650,2685,2650,
11/03/21,2641.45,2697,2697,2640,
11/02/21,2684.3,2695,2701.55,2676.55,
11/01/21,2680.7,2675,2692.8,2642,
10/29/2021,2657.1,2681,2702.85,2639,
10/28/2021,2667.75,2713.8,2713.8,2660,
10/27/2021,2690.15,2713.95,2729.35,2682,
10/26/2021,2700.5,2696.9,2708,2685,
10/25/2021,2686.8,2743.95,2754.85,2679.05,
10/22/2021,2744.15,2774,2800,2727.45,
10/21/2021,2756.9,2835,2835,2725,
10/20/2021,2816,2863,2876,2802,
10/19/2021,2876.05,2904.1,2930,2865.5,
10/18/2021,2904.1,2939,2950,2896.2,
10/14/2021,2927.8,2934,2944.15,2900,
10/13/2021,2925.2,2926,2946.85,2907.05,
10/12/21,2916.65,2873.9,2927.5,2855.25,
10/11/21,2857.8,2845,2878.55,2843.2,
10/08/21,2842.1,2867.75,2872,2840,
10/07/21,2841.65,2820,2859.35,2810,
10/06/21,2798.15,2840,2850,2781,
10/05/21,2844.55,2853,2859.65,2840,
10/04/21,2855.55,2861.55,2870,2850,
10/01/21,2847.95,2827.2,2851,2802.25,
09/30/2021,2832.5,2857.3,2878.85,2827.2,
09/29/2021,2886.15,2915,2920.55,2865.5,
09/28/2021,2920.55,2927.95,2939,2891,
09/27/2021,2912.95,2841,2928,2841,
09/24/2021,2833.45,2850,2862.3,2817.35,
09/23/2021,2853.05,2850,2882,2847.25,
09/22/2021,2847.2,2850,2860,2825.1,
09/21/2021,2850.45,2890,2895,2814.4,
09/20/2021,2889.5,2920,2920,2873.55,
09/17/2021,2932.1,2941,2954.45,2896.65,
09/16/2021,2920.4,2889,2926,2881.9,
09/15/2021,2874.95,2860,2885,2860,
09/14/2021,2851.7,2800,2861,2800,
09/13/2021,2789.8,2770,2812.9,2770,
09/09/21,2796.7,2783,2806.3,2763,
09/08/21,2798.35,2799,2809.8,2780,
09/07/21,2797.75,2818.25,2825,2791,
09/06/21,2817.2,2824.8,2830,2801,
09/03/21,2799.45,2732,2813.95,2732,
09/02/21,2730.35,2725,2738.85,2702.6,
09/01/21,2740.85,2759,2764,2730.6,
08/31/2021,2741.85,2727,2746,2701.1,
08/30/2021,2726.25,2680,2729,2680,
08/27/2021,2674.05,2648,2679.9,2636,
08/26/2021,2647.55,2675,2680,2642.5,
08/25/2021,2673.95,2683,2708,2670,
08/24/2021,2675.85,2681,2695,2652,
08/23/2021,2680.6,2701,2710.9,2656.5,
08/20/2021,2697.5,2681.2,2741,2681.2,
08/18/2021,2763.6,2790.5,2795,2752.5,
08/17/2021,2782.6,2754,2790,2713,
08/16/2021,2747.35,2775,2777.9,2741.8,
08/13/2021,2772.2,2796.85,2814.4,2752,
08/12/21,2782.95,2800,2801.25,2775,
08/11/21,2781.6,2810,2814.85,2751.25,
08/10/21,2797.05,2843.85,2843.85,2790,
08/09/21,2836.3,2850,2865.9,2825,
08/06/21,2833.8,2830,2851.05,2811.7,
08/05/21,2818.8,2806,2831.7,2785,
08/04/21,2805.5,2831.8,2834.3,2801,
08/03/21,2819.1,2784.3,2822,2784.3,
08/02/21,2782.2,2770.1,2796.8,2765.25,
07/30/2021,2763.3,2764,2802,2745.7,
07/29/2021,2745.7,2784.8,2784.8,2740,
07/28/2021,2777.7,2796.3,2805.95,2761,
07/27/2021,2793.85,2821.8,2826.25,2790.5,
07/26/2021,2810.25,2830,2833.85,2808,
07/23/2021,2835,2850.05,2864,2821,
07/22/2021,2838.25,2835.05,2847,2806.2,
07/20/2021,2829,2877.83,2888.79,2818.04,
07/19/2021,2876.93,2875.84,2884.21,2859.99,
07/16/2021,2894.47,2876.83,2898.41,2869.86,
07/15/2021,2874.49,2899.75,2903.14,2871.9,
07/14/2021,2890.48,2909.72,2909.72,2885.8,
07/13/2021,2893.87,2908.72,2908.72,2886.1,
07/12/21,2887.99,2903.74,2915.7,2884.9,
07/09/21,2886.6,2890.19,2909.37,2865.92,
07/08/21,2890.19,2900.75,2924.51,2879.97,
07/07/21,2903.09,2908.72,2911.71,2881.02,
07/06/21,2908.97,2926.66,2943.6,2902.14,
07/05/21,2927.7,2926.56,2941.5,2914.8,
07/02/21,2909.57,2949.57,2958.49,2896.91,
07/01/21,2912.21,2894.77,2936.62,2894.77,
06/30/2021,2892.38,2914.7,2919.68,2887.2,
06/29/2021,2917.19,2933.28,2947.13,2904.73,
06/28/2021,2933.28,2946.58,2947.98,2919.08,
06/25/2021,2928.85,2897.76,2938.91,2891.73,
06/24/2021,2896.71,2929.65,2929.65,2883.31,
06/23/2021,2918.04,2948.53,2984.45,2910.71,
06/22/2021,2896.81,2890.78,2931.69,2886.35,
06/21/2021,2884.65,2859.89,2902.74,2854.91,
06/18/2021,2881.17,2903.84,2934.63,2841.96,
06/17/2021,2903.84,2936.62,2948.53,2891.78,
06/16/2021,2964.92,2997.41,3004.23,2959.54,
06/15/2021,2996.46,2974.49,3014.35,2961.83,
06/14/2021,2975.14,2999.4,3006.32,2932.64,
06/11/21,2993.77,3008.37,3027.3,2984.45,
06/10/21,2998.4,3028.25,3033.18,2988.44,
06/09/21,3012.85,3045.19,3079.12,3000,
06/08/21,3045.19,3047.23,3067.16,3029.64,
06/07/21,3041.5,3054.45,3065.76,3030.04,
06/04/21,3037.66,2994.42,3044.24,2994.27,
06/03/21,2997.75,2973.49,3003.39,2951.57,
06/02/21,2962.13,2961.53,2982.46,2931.74,
06/01/21,2966.27,3005.88,3044.24,2955.55,
05/31/2021,2996.91,2978.47,3004.38,2949.57,
05/28/2021,2981.01,3014.35,3022.72,2946.14,
05/27/2021,2980.76,2959.54,3017.78,2924.81,
05/26/2021,2954.26,2931.64,2976.23,2910.21,
05/25/2021,2919.38,2914.6,2934.48,2897.16,
05/24/2021,2890.24,2909.72,2953.26,2881.81,
05/21/2021,2874.24,2863.88,2879.92,2825.01,
05/20/2021,2855.01,2901.1,2906.53,2851.67,
05/19/2021,2904.73,2904.73,2933.58,2883.81,
05/18/2021,2896.71,2866.07,2909.42,2846.49,
05/17/2021,2844.7,2825.01,2874.24,2803.09,
05/14/2021,2802.45,2830.15,2841.86,2792.88,
05/12/21,2830.15,2829.8,2847.93,2805.09,
05/11/21,2828.35,2820.53,2833.64,2791.24,
05/10/21,2826.31,2850.72,2868.86,2820.03,
05/07/21,2850.72,2938.56,2984.45,2810.07,
05/06/21,2903.04,2808.07,2911.71,2792.28,
05/05/21,2778.38,2777.08,2790.14,2758.25,
05/04/21,2766.97,2784.16,2809.82,2757.01,
05/03/21,2783.41,2770.16,2837.97,2756.91,
04/30/2021,2809.22,2824.82,2849.93,2795.12,
04/29/2021,2850.03,2953.36,2953.36,2840.01,
04/28/2021,2915.94,2917.69,2998.4,2904.78,
04/27/2021,2895.27,2864.87,2928.65,2860.14,
04/26/2021,2854.46,2849.98,2868.26,2820.03,
04/23/2021,2853.96,2808.07,2863.68,2802.15,
04/22/2021,2841.11,2743.6,2872.4,2740.31,
04/20/2021,2813.75,2831.24,2838.82,2790.99,
04/19/2021,2775.74,2751.63,2812.61,2733.44,
04/16/2021,2884.65,2828.25,2914.65,2828.25,
04/15/2021,2852.47,2841.96,2879.82,2810.07,
04/13/2021,2855.26,2789.14,2868.86,2763.48,
04/12/21,2776.29,2863.88,2879.77,2731.45,
04/09/21,2902.64,2917.69,2937.62,2890.93,
04/08/21,2917.69,2958.54,2979.82,2903.14,
04/07/21,2931.24,2869.86,2938.51,2864.92,
04/06/21,2877.78,2889.79,2917.69,2857.9,
04/05/21,2876.73,2950.57,2962.48,2856.5,
04/01/21,2945.69,2938.61,2994.37,2922.67,
03/31/2021,2903.34,2945.19,2951.57,2891.78,
03/30/2021,2953.41,2924.61,2965.87,2906.33,
03/26/2021,2927.45,2961.53,2972.29,2920.68,
03/25/2021,2931.29,3022.42,3038.86,2916.79,
03/24/2021,3023.17,3057.2,3075.08,3012.35,
03/23/2021,3056.65,3096.95,3120.97,3049.77,
03/22/2021,3084.95,3120.57,3132.88,3070.3,
03/19/2021,3108.16,3074.14,3121.02,3025.31,
03/18/2021,3096.26,3206.37,3206.37,3061.48,
03/17/2021,3179.31,3245.53,3267.35,3163.82,
03/16/2021,3243.59,3287.33,3288.38,3236.56,
03/15/2021,3252.65,3348.17,3357.53,3231.58,
03/12/21,3338.75,3343.18,3406.96,3298.34,
03/10/21,3407.31,3436.85,3462.76,3395.85,
03/09/21,3436.7,3452.85,3477.71,3404.47,
03/08/21,3451.75,3449.46,3477.21,3410.65,
03/05/21,3449.51,3402.97,3479.2,3382.05,
03/04/21,3407.8,3386.03,3447.81,3356.39,
03/03/21,3412.29,3497.64,3498.53,3382.05,
03/02/21,3464.16,3340.19,3477.71,3339.7,
03/01/21,3338.4,3243.54,3351.21,3238.55,
02/26/2021,3212.65,3393.01,3411.59,3188.53,
02/25/2021,3422.3,3437.85,3447.81,3390.27,
02/24/2021,3429.48,3427.88,3487.67,3339.3,
02/23/2021,3393.46,3402.13,3467.29,3365.16,
02/22/2021,3402.13,3388.02,3420.86,3338.35,
02/19/2021,3377.76,3510.44,3510.44,3358.13,
02/18/2021,3510.44,3567.04,3616.27,3493.65,
02/17/2021,3571.38,3451.25,3582.34,3445.07,
02/16/2021,3449.36,3457.78,3473.02,3419.91,
02/15/2021,3453.2,3476.66,3493.8,3439.84,
02/12/21,3498.39,3518.49,3562.32,3485.6,
02/11/21,3524.01,3506.59,3536.45,3456.39,
02/10/21,3521.47,3472.76,3551.12,3468.04,
02/09/21,3482.17,3443.91,3520.53,3439.28,
02/08/21,3477.74,3460.82,3489.58,3398.53,
02/05/21,3412.26,3482.71,3542.42,3349.38,
02/04/21,3423.71,3424,3497.64,3387.29,
02/03/21,3364.1,3280.27,3405.1,3251.86,
02/02/21,3277.58,3383.21,3383.21,3244.89,
02/01/21,3324.15,3283.7,3344.2,3201.36,
01/29/2021,3239.97,3403.01,3467.79,3210.47,
01/28/2021,3380.62,3322.46,3446.99,3308.73,
01/27/2021,3341.96,3432.96,3466.79,3313.5,
01/25/2021,3457.79,3401.07,3502.76,3340.47,
01/22/2021,3358.23,3248.87,3466.74,3242.8,
01/21/2021,3231.26,3259.42,3329.47,3203.8,
01/20/2021,3259.42,3223,3276.24,3214.35,
01/19/2021,3216.93,3154.84,3224.74,3154.84,
01/18/2021,3147.53,3184.2,3201.66,3067.03,
01/15/2021,3187.18,3233.95,3254.7,3158.32,
01/14/2021,3250.47,3248.87,3278.73,3222.06,
01/13/2021,3240.72,3243.9,3301.61,3200.81,
01/12/21,3232.21,3174.25,3278.73,3164.74,
01/11/21,3181.91,3145.39,3208.97,3131.51,
01/08/21,3145.49,3054.84,3150.31,3047.97,
01/07/21,3040.16,3078.72,3099.37,3019.01,
01/06/21,3068.32,3066.08,3108.17,3030.96,
01/05/21,3052.05,3036.93,3059.17,3016.03,
01/04/21,3028.82,3096.63,3108.52,3022.25,
01/01/21,3087.33,3099.61,3105.39,3077.72,
12/31/2020,3094.64,3091.66,3102.4,3069.76,
12/30/2020,3086.08,3064.79,3092.6,3050.46,
12/29/2020,3058.82,3080.71,3090.66,3045.88,
12/28/2020,3067.38,3080.71,3108.57,3047.57,
12/24/2020,3057.92,3029.96,3068.47,3015.03,
12/23/2020,3025.03,3031.55,3058.32,2997.12,
12/22/2020,3034.04,3005.08,3044.89,2886.27,
12/21/2020,2979.31,3132.45,3137.28,2930.41,
12/18/2020,3119.81,3085.68,3128.47,3085.68,
12/17/2020,3097.28,3119.52,3141.91,3085.73,
12/16/2020,3102.1,3114.64,3129.47,3089.66,
12/15/2020,3096.98,3067.32,3119.52,3065.88,
12/14/2020,3098.27,3198.13,3198.13,3089.66,
12/11/20,3169.57,3184.2,3223.5,3153.35,
12/10/20,3178.52,3164.29,3191.91,3150.36,
12/09/20,3174.94,3159.27,3188.18,3140.56,
12/08/20,3152.3,3159.32,3188.97,3139.07,
12/07/20,3158.37,3164.2,3202.06,3120.11,
12/04/20,3164.74,3135.44,3186.19,3134.44,
12/03/20,3124.34,3140.41,3151.36,3110.06,
12/02/20,3110.76,3097.63,3161.41,3075.73,
12/01/20,3094.89,3104.59,3114.44,3059.86,
11/27/2020,3093.5,3033.94,3103.15,3017.02,
11/26/2020,3009.61,2993.14,3034.59,2961.4,
11/25/2020,2993.89,3064.29,3079.56,2986.18,
11/24/2020,3058.97,3040.91,3094.29,3026.63,
11/23/2020,3044.64,3009.66,3058.82,2967.27,
11/20/2020,2983.84,2984.19,3004.04,2951,
11/19/2020,2973.74,3014.04,3121.26,2960.46,
11/18/2020,2968.27,3026.83,3033.89,2929.16,
11/17/2020,3016.33,3130.86,3132.45,2986.18,
11/13/2020,3113.45,3073.74,3119.42,3055.93,
11/12/20,3070.56,3044.89,3084.69,3022,
11/11/20,3045.04,2965.28,3059.81,2938.61,
11/10/20,2936.67,2972.25,2972.25,2908.51,
11/09/20,2939.66,2955.33,2974.24,2915.53,
11/06/20,2930.9,2928.47,2968.27,2910.75,
11/05/20,2929.81,2975.23,2981.1,2912.34,
11/04/20,2953.34,2925.48,2963.29,2895.73,
11/03/20,2922.89,2845.87,2934.88,2832.94,
11/02/20,2821.65,2873.74,2873.74,2798.11,
10/30/2020,2785.97,2899.51,2914.04,2773.24,
10/29/2020,2879.71,2920.5,2947.72,2870.75,
10/28/2020,2931.65,2980.21,3020.01,2915.88,
10/27/2020,2897.57,2910.55,2963.19,2841.45,
10/26/2020,2883.64,3104.59,3104.59,2860.8,
10/23/2020,3095.69,3084.69,3137.38,3074.64,
10/22/2020,3066.28,3161.21,3161.21,3047.27,
10/21/2020,3162.65,3233.95,3263.8,3116.68,
10/20/2020,3221.61,3232.95,3276.24,3214.5,
10/19/2020,3232.66,3335.49,3341.91,3214.59,
10/16/2020,3329.92,3298.63,3378.13,3284.7,
10/15/2020,3297.93,3295.64,3362.86,3273.85,
10/14/2020,3294.45,3286.69,3316.49,3253.85,
10/13/2020,3271.81,3267.28,3286.69,3240.12,
10/12/20,3268.48,3334.25,3338.98,3257.58,
10/09/20,3322.67,3295.31,3335.25,3262.4,
10/08/20,3274.49,3245.38,3288.12,3231.05,
10/07/20,3229.05,3135.53,3245.33,3133.59,
10/06/20,3131.89,3138.13,3173.38,3112.57,
10/05/20,3124.75,3220.41,3225.41,3089.8,
10/01/20,3146.97,3160.5,3194.45,3107.28,
09/30/2020,3142.82,3193.45,3193.45,3130.54,
09/29/2020,3170.44,3100.58,3217.47,3100.09,
09/28/2020,3084.51,3042.67,3091.35,2988.24,
09/25/2020,2997.73,2930.38,3010.86,2920.94,
09/24/2020,2914.15,2907.21,2944.81,2895.88,
09/23/2020,2952.55,2996.23,3038.67,2920.79,
09/22/2020,2995.88,3035.68,3047.66,2955.79,
09/21/2020,3051.01,3117.56,3120.01,3028.74,
09/18/2020,3108.22,3075.62,3117.41,3070.73,
09/17/2020,3056.65,3038.47,3093.59,3025.74,
09/16/2020,3051.85,3028.69,3100.58,3020.35,
09/15/2020,3032.83,3024.19,3047.36,3000.78,
09/14/2020,3024.19,3010.66,3034.68,2951.8,
09/11/20,2988,2944.96,3003.42,2944.56,
09/10/20,2944.56,2915.85,2953.19,2884.14,
09/09/20,2899.87,2842.95,2915.85,2826.18,
09/08/20,2859.13,2866.92,2899.07,2847.94,
09/07/20,2856.08,2925.83,2930.73,2847.94,
09/04/20,2911.05,2914.7,2972.27,2863.52,
09/03/20,2937.22,2970.77,3001.88,2926.78,
09/02/20,2939.36,3030.63,3035.48,2872.06,
09/01/20,2991.34,3025.74,3069.93,2971.27,
08/31/2020,3001.78,3065.63,3084.51,2961.88,
08/28/2020,3054.95,3114.61,3159.5,3046.31,
08/27/2020,3137.28,3154.51,3165.49,3103.08,
08/26/2020,3156.26,3105.58,3176.83,3065.63,
08/25/2020,2965.53,3039.67,3048.61,2953.64,
08/24/2020,3010.76,3032.68,3071.13,2996.78,
08/21/2020,3029.14,2974.46,3045.41,2952.85,
08/20/2020,2951.85,2907.86,2960.68,2888.54,
08/19/2020,2928.88,2941.76,2994.54,2917.3,
08/18/2020,2919.99,2922.84,2959.79,2901.17,
08/17/2020,2923.04,2808.8,2929.93,2806,
08/14/2020,2799.81,2796.52,2839.46,2752.13,
08/13/2020,2805.65,2786.03,2815.99,2742.39,
08/12/20,2770.06,2717.13,2792.02,2701.45,
08/11/20,2708.99,2721.13,2771.05,2700.15,
08/10/20,2698.31,2714.14,2714.14,2670.35,
08/07/20,2702.35,2706.15,2716.13,2666.3,
08/06/20,2700.6,2713.14,2729.11,2671.2,
08/05/20,2691.92,2715.33,2736.1,2668.2,
08/04/20,2702.25,2659.96,2728.91,2636.3,
08/03/20,2627.56,2696.16,2765.86,2617.02,
07/31/2020,2672.69,2701.15,2705.85,2642.69,
07/30/2020,2700.1,2769.06,2785.98,2684.18,
07/29/2020,2776.05,2855.18,2876.35,2764.46,
07/28/2020,2837.21,2748.69,2845.95,2741.15,
07/27/2020,2739.7,2755.08,2755.08,2684.58,
07/24/2020,2736.8,2749.09,2791.03,2724.22,
07/23/2020,2767.26,2771.05,2788.98,2741.45,
07/22/2020,2764.06,2855.93,2855.93,2749.14,
07/21/2020,2865.07,2856.13,2881.6,2842.95,
07/20/2020,2856.08,2760.12,2869.36,2738.3,
07/17/2020,2760.12,2711.44,2771.05,2699.16,
07/16/2020,2710.94,2646.23,2721.13,2609.33,
07/15/2020,2644.28,2602.44,2676.19,2602.44,
07/14/2020,2608.14,2668.2,2677.84,2600.3,
07/13/2020,2685.88,2698.11,2710.49,2666.55,
07/10/20,2677.44,2686.17,2730.61,2667.8,
07/09/20,2687.62,2721.13,2723.82,2662.76,
07/08/20,2715.33,2756.08,2774,2706.15,
07/07/20,2745.39,2758.07,2784.53,2723.72,
07/06/20,2767.01,2746.39,2775.1,2711.14,
07/03/20,2734.36,2676.19,2746.09,2673.79,
07/02/20,2667.6,2546.37,2681.18,2546.37,
07/01/20,2543.83,2552.37,2571.39,2526.4,
06/30/2020,2543.33,2545.38,2564.7,2508.43,
06/29/2020,2500.49,2526.4,2526.4,2464.49,
06/26/2020,2536.84,2576.33,2586.97,2527.2,
06/25/2020,2556.06,2469.43,2581.32,2450.66,
06/24/2020,2490.25,2446.52,2541.38,2436.28,
06/23/2020,2415.41,2441.47,2441.47,2402.18,
06/22/2020,2409.17,2367.78,2443.62,2357.64,
06/19/2020,2352.5,2371.62,2379.41,2328.93,
06/18/2020,2361.59,2356.89,2376.62,2338.87,
06/17/2020,2359.94,2373.87,2386.6,2337.67,
06/16/2020,2392.54,2376.62,2432.24,2356.64,
06/15/2020,2344.81,2391.54,2391.54,2312.71,
06/12/20,2398.43,2238.81,2411.57,2227.53,
06/11/20,2306.67,2312.71,2341.67,2296.73,
06/10/20,2288.99,2383.61,2389.75,2278.95,
06/09/20,2383.91,2381.61,2426.05,2366.63,
06/08/20,2380.91,2355.65,2436.33,2351.65,
06/05/20,2337.32,2340.57,2360.59,2304.72,
06/04/20,2325.94,2276.76,2338.32,2259.83,
06/03/20,2296.93,2345.46,2367.63,2287.54,
06/02/20,2314.95,2356.54,2388.15,2278.66,
06/01/20,2322.99,2357.39,2395.59,2309.06,
05/29/2020,2357.49,2271.76,2388.5,2246.8,
05/28/2020,2294.83,2194.48,2331.68,2163.07,
05/27/2020,2172.56,2121.98,2183.89,2112.24,
05/26/2020,2110.64,2154.93,2166.81,2098.01,
05/22/2020,2147.54,2115.99,2156.83,2080.89,
05/21/2020,2116.49,2040.09,2126.97,2017.13,
05/20/2020,2020.72,2056.07,2064.86,1988.52,
05/19/2020,2070.55,2115.99,2124.92,2059.87,
05/18/2020,2067.61,2193.88,2215.35,2057.22,
05/15/2020,2190.43,2245.8,2245.8,2166.91,
05/14/2020,2238.16,2132.91,2251.79,2115.69,
05/13/2020,2184.49,2196.72,2261.78,2144.95,
05/12/20,2111.29,2090.02,2130.97,2017.13,
05/11/20,2085.68,2012.13,2131.76,1987.17,
05/08/20,1959.81,2037.1,2037.1,1952.22,
05/07/20,1997.46,1997.16,2048.48,1980.58,
05/06/20,2023.87,1978.18,2055.97,1930.5,
05/05/20,1962.56,2031.11,2048.08,1942.38,
05/04/20,1997.86,2048.08,2072,1982.18,
04/30/2020,2163.62,2014.23,2194.97,1972.19,
04/29/2020,1967.45,1963.45,2015.63,1938.24,
04/28/2020,1940.34,1947.53,1969.99,1912.88,
04/27/2020,1932.45,1906.29,1946.23,1894.75,
04/24/2020,1892.11,1839.88,1936.64,1837.38,
04/23/2020,1862.35,1897.3,1920.71,1852.36,
04/22/2020,1884.97,1797.44,1902.29,1794.34,
04/21/2020,1824.95,1782.56,1836.29,1755.5,
04/20/2020,1803.28,1872.28,1877.28,1784.51,
04/17/2020,1833.29,1837.33,1872.33,1809.42,
04/16/2020,1780.12,1797.44,1804.88,1750.06,
04/15/2020,1821.51,1937.24,1971.19,1809.12,
04/13/2020,1916.32,1949.22,2020.62,1885.37,
04/09/20,1988.07,1876.48,2010.54,1850.37,
04/08/20,1819.06,1699.58,1881.12,1697.58,
04/07/20,1766.68,1627.68,1786.46,1621.34,
04/03/20,1579.8,1607.76,1620.69,1540.96,
04/01/20,1637.32,1587.84,1645.01,1562.77,
03/31/2020,1594.18,1590.73,1631.43,1562.77,
03/30/2020,1551.29,1632.68,1637.67,1540.11,
03/27/2020,1658.84,1812.42,1827.75,1638.27,
03/26/2020,1799.34,1687.5,1825.35,1643.26,
03/25/2020,1665.28,1557.78,1681.11,1523.13,
03/24/2020,1624.74,1647.65,1751.61,1472.9,
03/23/2020,1613.7,1631.83,1670.77,1517.84,
03/20/2020,1813.12,1722.55,1843.08,1672.62,
03/19/2020,1710.01,1645.66,1786.46,1559.73,
03/18/2020,1678.76,1838.38,1857.36,1663.63,
03/17/2020,1838.53,1780.46,1900.89,1753.85,
03/16/2020,1780.96,1815.41,1842.38,1772.78,
03/13/2020,1881.27,1758.5,1940.24,1532.82,
03/12/20,1904.49,1953.22,1976.14,1791.2,
03/11/20,2033.15,1965.2,2046.89,1946.13,
03/09/20,1953.27,1992.16,2008.64,1912.58,
03/06/20,2035.4,1968.2,2050.53,1968.2,
03/05/20,2060.97,2058.77,2090.12,2049.38,
03/04/20,2043.44,2067.06,2070.4,1997.66,
03/03/20,2051.93,1973.19,2060.92,1973.19,
03/02/20,1972.64,2097.01,2107,1958.21,
02/28/2020,2048.83,2077.04,2107,2031.06,
02/27/2020,2107.25,2144.85,2155.58,2098.01,
02/26/2020,2139.5,2176.9,2191.88,2132.96,
02/25/2020,2181.04,2187.09,2210.85,2160.97,
02/24/2020,2181.09,2216.84,2216.84,2171.91,
02/20/2020,2237.06,2263.78,2272.76,2232.27,
02/19/2020,2248.4,2270.77,2274.76,2223.88,
02/18/2020,2249.45,2279.95,2279.95,2221.84,
02/17/2020,2280.1,2331.68,2331.68,2266.32,
02/14/2020,2353.15,2420.55,2434.33,2347.76,
02/13/2020,2405.52,2415.56,2437.83,2397.59,
02/12/20,2419.6,2406.57,2426.54,2396.59,
02/11/20,2393.04,2411.57,2439.88,2386.6,
02/10/20,2382.31,2446.02,2453.96,2371.77,
02/07/20,2439.98,2476.47,2492.45,2417.91,
02/06/20,2407.87,2391.59,2423.55,2351.65,
02/05/20,2369.88,2468.48,2475.38,2342.21,
02/04/20,2458.55,2408.57,2481.07,2397.39,
02/03/20,2372.77,2387.6,2465.49,2354.65,
02/01/20,2443.42,2486.31,2527.4,2376.77,
01/31/2020,2498.29,2504.43,2518.31,2488.51,
01/30/2020,2478.77,2483.41,2518.41,2460.5,
01/29/2020,2482.81,2480.47,2506.43,2466.49,
01/28/2020,2465.34,2453.26,2505.38,2436.53,
01/27/2020,2452.26,2452.51,2494.95,2421.6,
01/24/2020,2465.14,2436.53,2471.28,2423.65,
01/23/2020,2426.29,2393.59,2431.39,2376.62,
01/22/2020,2395.64,2405.27,2406.57,2375.62,
01/21/2020,2395.29,2406.57,2409.22,2371.62,
01/20/2020,2412.17,2450.51,2456.15,2406.67,
01/17/2020,2450.51,2441.52,2471.38,2418.16,
01/16/2020,2431.04,2471.43,2471.43,2423.55,
01/15/2020,2472.78,2416.51,2477.02,2410.57,
01/14/2020,2407.97,2363.63,2415.36,2357.69,
01/13/2020,2363.38,2379.51,2379.51,2349,
01/10/20,2360.09,2353.65,2384.3,2347.66,
01/09/20,2351.2,2337.67,2361.64,2322.79,
01/08/20,2314.25,2318.7,2341.72,2307.26,
01/07/20,2344.71,2374.62,2396.49,2333.68,
01/06/20,2364.78,2425.5,2425.5,2356.69,
01/03/20,2428.89,2416.56,2445.52,2411.57,
01/02/20,2426,2444.32,2448.51,2413.61,
01/01/20,2429.09,2451.41,2459.05,2423.9,
12/31/2019,2439.58,2462.99,2470.48,2429.99,
12/30/2019,2475.52,2442.52,2481.47,2437.53,
12/27/2019,2438.98,2446.52,2454.5,2418.06,
12/26/2019,2435.18,2429.19,2451.46,2421.6,
12/24/2019,2429.19,2416.51,2445.07,2415.61,
12/23/2019,2416.66,2396.59,2431.89,2378.01,
12/20/2019,2389.8,2365.63,2421.55,2361.64,
12/19/2019,2360.34,2307.81,2373.22,2292.49,
12/18/2019,2308.66,2311.66,2316.7,2286.79,
12/17/2019,2301.67,2314.7,2324.94,2293.73,
12/16/2019,2305.17,2336.92,2344.61,2300.87,
12/13/2019,2334.83,2344.66,2355.65,2316.9,
12/12/19,2330.73,2308.71,2341.07,2304.07,
12/11/19,2293.03,2333.68,2340.62,2259.78,
12/10/19,2326.69,2396.59,2402.68,2318.7,
12/09/19,2378.36,2373.32,2391.59,2356.24,
12/06/19,2358.84,2407.57,2413.16,2347.66,
12/05/19,2393.19,2441.52,2471.48,2387.6,
12/04/19,2435.53,2416.56,2455.25,2408.57,
12/03/19,2418.96,2398.58,2431.44,2396.59,
12/02/19,2403.53,2427.54,2443.52,2396.59,
11/29/2019,2430.09,2473.23,2480.22,2420.55,
11/28/2019,2462.79,2513.42,2516.42,2456.5,
11/27/2019,2519.66,2492.35,2530.4,2488.01,
11/26/2019,2491.05,2485.46,2511.17,2467.99,
11/25/2019,2475.47,2454.5,2495.45,2424.25,
11/22/2019,2438.13,2446.47,2454.9,2422.55,
11/21/2019,2439.98,2473.48,2496.35,2433.09,
11/20/2019,2466.99,2474.48,2481.47,2432.84,
11/19/2019,2465.44,2516.42,2516.42,2459.6,
11/18/2019,2499.34,2542.38,2548.87,2493.2,
11/15/2019,2539.58,2596.3,2611.23,2526.65,
11/14/2019,2587.96,2591.31,2604.44,2573.34,
11/13/2019,2585.42,2581.32,2623.96,2571.74,
11/11/19,2590.31,2631.25,2653.17,2581.97,
11/08/19,2643.19,2657.02,2688.17,2636.89,
11/07/19,2657.07,2666.2,2669.7,2639.24,
11/06/19,2674.54,2656.22,2693.07,2637.24,
11/05/19,2661.21,2655.22,2675.19,2634.3,
11/04/19,2639.74,2708.14,2711.09,2634.25,
11/01/19,2703.3,2704.15,2755.08,2667.3,
10/31/2019,2700.35,2691.17,2712.14,2685.63,
10/30/2019,2680.68,2713.14,2713.14,2673.19,
10/29/2019,2697.71,2680.68,2716.13,2661.96,
10/27/2019,2665.1,2658.21,2688.12,2646.23,
10/25/2019,2653.77,2701.15,2704.15,2626.26,
10/24/2019,2692.17,2726.12,2745.84,2646.23,
10/23/2019,2709.04,2666.25,2734.11,2630.25,
10/22/2019,2670.85,2656.22,2709.59,2637.44,
10/18/2019,2642.39,2625.26,2658.26,2602.14,
10/17/2019,2625.46,2605.29,2640.24,2578.33,
10/16/2019,2598.65,2688.57,2688.57,2588.61,
10/15/2019,2671.9,2616.42,2696.11,2606.29,
10/14/2019,2605.49,2586.32,2624.71,2568.19,
10/11/19,2594.16,2611.13,2631.25,2564.25,
10/10/19,2598.15,2600.65,2631.25,2577.48,
10/09/19,2600.65,2676.19,2686.17,2579.33,
10/07/19,2670.2,2645.23,2680.18,2602.59,
10/04/19,2664.51,2677.99,2711.14,2655.22,
10/03/19,2663.66,2706.15,2730.11,2651.22,
10/01/19,2684.53,2711.84,2735.01,2633.25,
09/30/2019,2700.9,2730.11,2754.83,2664.41,
09/27/2019,2725.27,2752.48,2774.5,2703.15,
09/26/2019,2756.18,2691.17,2771.05,2681.03,
09/25/2019,2700.4,2746.09,2746.09,2642.84,
09/24/2019,2752.03,2840.95,2841.25,2720.78,
09/23/2019,2816.34,2870.91,3018.6,2766.76,
09/20/2019,2858.83,2531.4,3012.26,2529.25,
09/19/2019,2528.65,2557.36,2591.31,2509.88,
09/18/2019,2572.44,2586.32,2613.28,2513.42,
09/17/2019,2565.3,2741,2758.07,2551.37,
09/16/2019,2734.76,2751.08,2790.03,2718.53,
09/13/2019,2772.65,2738.1,2781.04,2714.14,
09/12/19,2736.85,2743.09,2762.07,2716.13,
09/11/19,2756.23,2683.18,2766.06,2676.19,
09/09/19,2687.77,2634.2,2693.86,2617.27,
09/06/19,2656.17,2608.69,2666.2,2586.42,
09/05/19,2602.19,2571.29,2610.28,2563.5,
09/04/19,2562.45,2558.46,2585.57,2526.65,
09/03/19,2553.81,2568.19,2616.22,2545.33,
08/30/2019,2568.39,2556.21,2575.33,2516.97,
08/29/2019,2544.13,2561.25,2574.13,2529.7,
08/28/2019,2564.85,2594.06,2622.27,2551.37,
08/27/2019,2610.73,2634.25,2634.25,2577.73,
08/26/2019,2587.27,2691.17,2691.17,2553.71,
08/23/2019,2636.45,2621.27,2666.2,2608.88,
08/22/2019,2622.52,2709.14,2710.39,2602.29,
08/21/2019,2710.39,2660.01,2718.13,2659.76,
08/20/2019,2665.45,2651.22,2673.99,2627.86,
08/19/2019,2627.76,2668.2,2696.11,2612.48,
08/16/2019,2665.2,2557.91,2676.19,2543.43,
08/14/2019,2630.4,2585.27,2643.93,2576.33,
08/13/2019,2563.15,2611.88,2647.28,2543.23,
08/09/19,2618.52,2610.13,2638.14,2596.3,
08/08/19,2584.22,2496.94,2625.26,2491.45,
08/07/19,2501.69,2471.48,2525.2,2465.09,
08/06/19,2465.04,2395.84,2480.47,2376.67,
08/05/19,2395.84,2386.55,2431.54,2342.66,
08/02/19,2398.53,2333.68,2426.54,2285.3,
08/01/19,2365.18,2331.68,2377.61,2298.13,
07/31/2019,2352.75,2266.77,2366.53,2222.44,
07/30/2019,2255.59,2404.58,2421.2,2242.11,
07/29/2019,2401.13,2426.64,2447.51,2327.74,
07/26/2019,2463.79,2394.39,2484.01,2363.13,
07/25/2019,2383.11,2412.56,2444.52,2376.72,
07/24/2019,2399.98,2449.06,2489.11,2392.89,
07/23/2019,2465.79,2412.12,2476.47,2398.28,
07/22/2019,2400.28,2384.01,2450.51,2357.29,
07/19/2019,2384.01,2476.52,2503.78,2375.57,
07/18/2019,2475.92,2516.32,2551.37,2463.14,
07/17/2019,2519.36,2517.42,2552.96,2501.49,
07/16/2019,2540.73,2511.42,2565.8,2483.61,
07/15/2019,2541.93,2548.37,2576.23,2510.62,
07/12/19,2566.15,2498.44,2580.72,2468.88,
07/11/19,2504.23,2424.55,2516.42,2381.86,
07/10/19,2396.59,2446.52,2455.5,2388.6,
07/09/19,2440.62,2376.62,2455,2370.22,
07/08/19,2376.77,2495.45,2495.45,2356.64,
07/05/19,2508.73,2614.28,2616.27,2496.45,
07/04/19,2602.44,2586.57,2614.28,2581.32,
07/03/19,2583.82,2597.3,2610.08,2578.73,
07/02/19,2593.36,2592.81,2615.08,2567.39,
07/01/19,2612.78,2592.31,2635.75,2586.32,
06/28/2019,2577.83,2594.85,2596.9,2568.39,
06/27/2019,2594.71,2581.32,2614.08,2567.39,
06/26/2019,2569.94,2573.34,2600.25,2554.16,
06/25/2019,2580.97,2567.34,2599.8,2546.37,
06/24/2019,2582.57,2602.29,2602.29,2537.09,
06/21/2019,2602.29,2656.17,2695.16,2589.21,
06/20/2019,2661.91,2606.29,2665.9,2596.3,
06/19/2019,2602.44,2676.19,2676.19,2568.89,
06/18/2019,2664.01,2646.28,2679.18,2631.25,
06/17/2019,2644.48,2661.21,2680.38,2632.25,
06/14/2019,2666.5,2696.16,2715.63,2656.32,
06/13/2019,2701.25,2726.12,2768.06,2681.53,
06/12/19,2724.17,2763.07,2765.96,2716.18,
06/11/19,2772.2,2756.08,2789.03,2741.4,
06/10/19,2741.1,2790.03,2790.03,2713.34,
06/07/19,2758.87,2786.03,2808,2728.02,
06/06/19,2784.78,2761.07,2792.02,2712.24,
06/04/19,2748.79,2828.97,2830.97,2741.1,
06/03/19,2836.21,2708.14,2855.08,2708.14,
05/31/2019,2676.44,2733.81,2759.22,2661.21,
05/30/2019,2711.34,2726.12,2740.05,2697.36,
05/29/2019,2721.62,2754.03,2754.03,2698.96,
05/28/2019,2739.2,2823.98,2823.98,2731.11,
05/27/2019,2817.19,2835.96,2845.95,2796.37,
05/24/2019,2824.43,2749.09,2840.95,2746.09,
05/23/2019,2739.6,2736.1,2796.17,2704.05,
05/22/2019,2695.81,2653.62,2710.84,2634.25,
05/21/2019,2653.42,2721.13,2723.07,2644.23,
05/20/2019,2709.59,2686.17,2738.1,2629.81,
05/17/2019,2618.82,2519.41,2633.25,2518.21,
05/16/2019,2516.72,2491.45,2557.36,2484.46,
05/15/2019,2489.85,2521.41,2534.99,2479.47,
05/14/2019,2506.18,2504.43,2531.2,2471.48,
05/13/2019,2507.18,2503.73,2533.89,2496.45,
05/10/19,2503.73,2531.4,2556.36,2496.49,
05/09/19,2534.14,2495.45,2551.37,2487.06,
05/08/19,2496.15,2522.21,2537.24,2478.07,
05/07/19,2523.76,2564.25,2564.35,2517.91,
05/06/19,2527.7,2536.39,2559.36,2521.51,
05/03/19,2561.75,2546.37,2583.32,2533.79,
05/02/19,2548.07,2506.43,2565.75,2488.96,
04/30/2019,2508.28,2569.34,2570.34,2473.48,
04/26/2019,2600.3,2606.29,2613.03,2570.04,
04/25/2019,2608.54,2614.28,2634.25,2593.96,
04/24/2019,2608.19,2646.23,2657.82,2578.48,
04/23/2019,2634.3,2685.18,2723.47,2611.28,
04/22/2019,2685.68,2737.65,2746.04,2681.18,
04/18/2019,2737.65,2739,2755.98,2728.66,
04/16/2019,2735.75,2719.88,2745.99,2711.14,
04/15/2019,2696.86,2649.23,2707.05,2642.29,
04/12/19,2636.15,2593.31,2641.04,2587.47,
04/11/19,2597.4,2596.3,2608.29,2585.97,
04/10/19,2590.71,2615.28,2615.28,2583.12,
04/09/19,2619.92,2586.32,2628.21,2565.15,
04/08/19,2583.17,2624.26,2640.19,2577.33,
04/05/19,2614.68,2648.23,2660.21,2601.4,
04/04/19,2633.45,2596.25,2644.93,2591.31,
04/03/19,2576.78,2583.27,2590.31,2563.35,
04/02/19,2566.3,2546.77,2595.3,2541.38,
04/01/19,2554.86,2569.34,2589.71,2541.38,
03/29/2019,2549.52,2536.39,2574.08,2522.61,
03/28/2019,2522.16,2546.37,2554.36,2511.42,
03/27/2019,2539.58,2590.11,2590.31,2531.4,
03/26/2019,2570.79,2582.32,2601,2543.18,
03/25/2019,2572.04,2590.31,2605.09,2533.44,
03/22/2019,2599.6,2620.72,2634.2,2590.36,
03/20/2019,2605.44,2610.33,2641.24,2589.36,
03/19/2019,2610.33,2655.22,2655.22,2597.3,
03/18/2019,2665.7,2741.1,2759.22,2658.21,
03/15/2019,2731.96,2767.06,2767.06,2713.24,
03/14/2019,2747.79,2809,2813.99,2740.2,
03/13/2019,2799.66,2810,2823.98,2786.63,
03/12/19,2804.46,2835.96,2845.35,2786.13,
03/11/19,2810.75,2741.1,2824.38,2741.1,
03/08/19,2736.45,2727.12,2754.53,2696.11,
03/07/19,2726.22,2766.06,2775.05,2717.13,
03/06/19,2761.92,2791.03,2811,2738.1,
03/05/19,2791.67,2666.15,2817.99,2648.28,
03/01/19,2671.8,2646.13,2686.77,2636.3,
02/28/2019,2624.36,2696.26,2703.75,2616.27,
02/27/2019,2674.74,2691.17,2739.1,2657.22,
02/26/2019,2685.23,2702.7,2709.14,2610.28,
02/25/2019,2708.64,2686.17,2719.73,2686.17,
02/22/2019,2676.04,2649.13,2694.06,2616.27,
02/21/2019,2637.49,2628.26,2653.22,2577.83,
02/20/2019,2620.02,2642.29,2657.96,2602.89,
02/19/2019,2633.1,2683.18,2709.34,2625.16,
02/18/2019,2679.73,2686.17,2701.05,2656.67,
02/15/2019,2692.62,2781.44,2781.44,2674.19,
02/14/2019,2772.25,2751.28,2887.54,2721.22,
02/13/2019,2747.54,2796.02,2796.02,2721.13,
02/12/19,2795.57,2892.73,2892.73,2781.04,
02/11/19,2884.94,2910.85,2911.8,2800.56,
02/08/19,2934.67,2910.85,2955.79,2908.51,
02/07/19,2934.87,2880.9,2944.96,2880.9,
02/06/19,2875.95,2865.92,2887.89,2845.95,
02/05/19,2850.49,2800.01,2869.26,2796.02,
02/04/19,2776.2,2796.02,2840.9,2714.33,
02/01/19,2803.26,2625.71,2835.31,2621.27,
01/31/2019,2610.23,2608.39,2630.95,2557.36,
01/30/2019,2607.29,2623.26,2646.23,2587.91,
01/29/2019,2629.56,2597.35,2653.07,2570.64,
01/28/2019,2594.9,2676.19,2681.18,2583.07,
01/25/2019,2666.35,2751.08,2784.78,2648.93,
01/24/2019,2786.23,2791.03,2823.98,2776.1,
01/23/2019,2791.97,2827.97,2847.4,2781.14,
01/22/2019,2820.88,2791.03,2830.97,2738.6,
01/21/2019,2790.28,2896.87,2905.71,2776.05,
01/18/2019,2894.63,2912.25,2925.78,2858.93,
01/17/2019,2899.47,2874.41,2932.72,2859.93,
01/16/2019,2875.75,2904.86,2910.8,2866.22,
01/15/2019,2906.81,2875.61,2914.2,2863.27,
01/14/2019,2862.92,2896.87,2906.16,2851.99,
01/11/19,2895.13,2918.84,2936.77,2880.9,
01/10/19,2915.35,2927.83,2945.76,2908.41,
01/09/19,2933.27,2980.86,2980.86,2902.87,
01/08/19,2966.08,2969.77,2990.24,2926.08,
01/07/19,2953.74,3015.71,3018.7,2947.8,
01/04/19,2983.6,3025.69,3040.67,2967.82,
01/03/19,3010.36,3027.69,3073.62,3002.03,
01/02/19,3042.22,3110.57,3112.87,3019.5,
01/01/19,3123.15,3084.61,3130.54,3068.93,