Date,Price,Open,High,Low,Vol.,Change %
12/29/2023,21731.40,21737.65,21770.30,21676.90,270.92B,-0.22%
12/28/2023,21778.70,21715.00,21801.45,21678.00,393.08B,0.57%
12/27/2023,21654.75,21497.65,21675.75,21495.80,256.54B,1.00%
12/26/2023,21441.35,21365.20,21477.15,21329.45,219.47B,0.43%
12/22/2023,21349.40,21295.85,21390.50,21232.45,284.71B,0.44%
12/21/2023,21255.05,21033.95,21288.35,20976.80,277.55B,0.50%
12/20/2023,21150.15,21543.50,21593.00,21087.35,363.89B,-1.41%
12/19/2023,21453.10,21477.65,21505.05,21337.75,249.75B,0.16%
12/18/2023,21418.65,21434.80,21482.80,21365.35,249.67B,-0.18%
12/15/2023,21456.65,21287.45,21492.30,21235.30,508.76B,1.29%
12/14/2023,21182.70,21110.40,21210.90,21074.45,334.41B,1.23%
12/13/2023,20926.35,20929.75,20950.00,20769.50,260.27B,0.10%
12/12/23,20906.40,21018.55,21037.90,20867.15,244.87B,-0.43%
12/11/23,20997.10,20965.30,21026.10,20923.70,212.92B,0.13%
12/08/23,20969.40,20934.10,21006.10,20862.70,292.44B,0.33%
12/07/23,20901.15,20932.40,20941.25,20850.80,274.99B,-0.17%
12/06/23,20937.70,20950.75,20961.95,20852.15,359.21B,0.40%
12/05/23,20855.10,20808.90,20864.05,20711.15,421.01B,0.81%
12/04/23,20686.80,20601.95,20702.65,20507.75,381.11B,2.07%
12/01/23,20267.90,20194.10,20291.55,20183.70,265.81B,0.67%
11/30/2023,20133.15,20108.50,20158.70,20015.85,486.59B,0.18%
11/29/2023,20096.60,19976.55,20104.65,19956.30,236.24B,1.04%
11/28/2023,19889.70,19844.65,19916.85,19800.00,229.60B,0.48%
11/24/2023,19794.70,19809.60,19832.85,19768.85,145.90B,-0.04%
11/23/2023,19802.00,19828.45,19875.15,19786.75,170.02B,-0.05%
11/22/2023,19811.85,19784.00,19825.55,19703.85,184.50B,0.14%
11/21/2023,19783.40,19770.90,19829.10,19754.05,194.97B,0.45%
11/20/2023,19694.00,19731.15,19756.45,19670.50,173.78B,-0.19%
11/17/2023,19731.80,19674.75,19806.00,19667.45,236.83B,-0.17%
11/16/2023,19765.20,19674.70,19875.25,19627.00,282.69B,0.46%
11/15/2023,19675.45,19651.40,19693.20,19579.65,291.47B,1.19%
11/13/2023,19443.55,19486.75,19494.40,19414.75,189.28B,-0.42%
11/12/23,19525.55,19547.25,19547.25,19510.25,37.31B,0.52%
11/10/23,19425.35,19351.85,19451.30,19329.45,152.22B,0.15%
11/09/23,19395.30,19457.40,19463.90,19378.35,208.42B,-0.25%
11/08/23,19443.50,19449.60,19464.40,19401.50,194.97B,0.19%
11/07/23,19406.70,19404.05,19423.50,19329.10,198.66B,-0.03%
11/06/23,19411.75,19345.85,19423.00,19309.70,180.69B,0.94%
11/03/23,19230.60,19241.00,19276.25,19210.90,189.52B,0.51%
11/02/23,19133.25,19120.00,19175.25,19064.15,245.60B,0.76%
11/01/23,18989.15,19064.05,19096.05,18973.70,194.10B,-0.47%
10/31/2023,19079.60,19232.95,19233.70,19056.45,206.05B,-0.32%
10/30/2023,19140.90,19053.40,19158.50,18940.00,180.13B,0.49%
10/27/2023,19047.25,18928.75,19076.15,18926.65,205.20B,1.01%
10/26/2023,18857.25,19027.25,19041.70,18837.85,300.36B,-1.39%
10/25/2023,19122.15,19286.45,19347.30,19074.15,225.29B,-0.83%
10/23/2023,19281.75,19521.60,19556.85,19257.85,176.04B,-1.34%
10/20/2023,19542.65,19542.15,19593.80,19518.70,198.34B,-0.42%
10/19/2023,19624.70,19545.20,19681.80,19512.35,230.31B,-0.24%
10/18/2023,19671.10,19820.45,19840.95,19659.95,198.94B,-0.71%
10/17/2023,19811.50,19843.20,19849.75,19775.65,185.85B,0.40%
10/16/2023,19731.75,19737.25,19781.30,19691.85,180.96B,-0.10%
10/13/2023,19751.05,19654.55,19805.40,19635.30,254.96B,-0.22%
10/12/23,19794.00,19822.70,19843.30,19772.65,217.90B,-0.09%
10/11/23,19811.35,19767.00,19839.20,19756.95,213.73B,0.62%
10/10/23,19689.85,19565.60,19717.80,19565.45,216.56B,0.91%
10/09/23,19512.35,19539.45,19588.95,19480.50,165.09B,-0.72%
10/06/23,19653.50,19621.20,19675.75,19589.40,159.05B,0.55%
10/05/23,19545.75,19521.85,19576.95,19487.30,234.87B,0.56%
10/04/23,19436.10,19446.30,19457.80,19333.60,277.15B,-0.47%
10/03/23,19528.75,19622.40,19623.20,19479.65,221.72B,-0.56%
09/29/2023,19638.30,19581.20,19726.25,19551.05,243.51B,0.59%
09/28/2023,19523.55,19761.80,19766.65,19492.10,352.81B,-0.98%
09/27/2023,19716.45,19637.05,19730.70,19554.00,203.56B,0.26%
09/26/2023,19664.70,19682.80,19699.35,19637.45,204.87B,-0.05%
09/25/2023,19674.55,19678.20,19734.15,19601.55,188.40B,0.00%
09/22/2023,19674.25,19744.85,19798.65,19657.50,246.41B,-0.34%
09/21/2023,19742.35,19840.55,19848.75,19709.95,275.13B,-0.80%
09/20/2023,19901.40,19980.75,20050.65,19878.85,378.07B,-1.15%
09/18/2023,20133.30,20155.95,20195.35,20115.70,264.87B,-0.29%
09/15/2023,20192.35,20156.45,20222.45,20129.70,438.19B,0.44%
09/14/2023,20103.10,20127.95,20167.65,20043.45,275.11B,0.16%
09/13/2023,20070.00,19989.50,20096.90,19944.10,251.39B,0.38%
09/12/23,19993.20,20110.15,20110.35,19914.65,328.06B,-0.02%
09/11/23,19996.35,19890.00,20008.15,19865.35,248.76B,0.89%
09/08/23,19819.95,19774.80,19867.15,19727.05,288.09B,0.47%
09/07/23,19727.05,19598.65,19737.00,19550.05,304.93B,0.59%
09/06/23,19611.05,19581.20,19636.45,19491.50,287.56B,0.18%
09/05/23,19574.90,19564.65,19587.05,19525.75,256.83B,0.24%
09/04/23,19528.80,19525.05,19545.15,19432.85,296.82B,0.48%
09/01/23,19435.30,19258.15,19458.55,19255.70,333.02B,0.94%
08/31/2023,19253.80,19375.55,19388.20,19223.65,562.56B,-0.48%
08/30/2023,19347.45,19433.45,19452.80,19334.75,233.00B,0.02%
08/29/2023,19342.65,19374.85,19377.90,19309.10,307.39B,0.19%
08/28/2023,19306.05,19298.35,19366.85,19249.70,248.18B,0.21%
08/25/2023,19265.80,19297.40,19339.55,19229.70,466.52B,-0.62%
08/24/2023,19386.70,19535.15,19584.45,19369.00,268.26B,-0.29%
08/23/2023,19444.00,19439.20,19472.05,19366.60,225.21B,0.25%
08/22/2023,19396.45,19417.10,19443.50,19381.30,208.70B,0.01%
08/21/2023,19393.60,19320.65,19425.95,19296.30,262.59B,0.43%
08/18/2023,19310.15,19301.75,19373.80,19253.60,256.14B,-0.28%
08/17/2023,19365.25,19450.55,19461.55,19326.25,268.66B,-0.51%
08/16/2023,19465.00,19369.00,19482.75,19317.20,226.63B,0.16%
08/14/2023,19434.55,19383.95,19465.85,19257.90,243.85B,0.03%
08/11/23,19428.30,19554.25,19557.75,19412.75,235.52B,-0.59%
08/10/23,19543.10,19605.55,19623.60,19495.40,312.19B,-0.46%
08/09/23,19632.55,19578.80,19645.50,19467.50,266.50B,0.32%
08/08/23,19570.85,19627.20,19634.40,19533.10,260.29B,-0.13%
08/07/23,19597.30,19576.85,19620.45,19524.80,216.59B,0.41%
08/04/23,19517.00,19462.80,19538.85,19436.45,280.80B,0.70%
08/03/23,19381.65,19463.75,19537.65,19296.45,315.69B,-0.74%
08/02/23,19526.55,19655.40,19678.25,19423.55,290.67B,-1.05%
08/01/23,19733.55,19784.00,19795.60,19704.60,298.05B,-0.10%
07/31/2023,19753.80,19666.35,19772.75,19597.60,295.05B,0.55%
07/28/2023,19646.05,19659.75,19695.90,19563.10,258.67B,-0.07%
07/27/2023,19659.90,19850.90,19867.55,19603.55,334.89B,-0.60%
07/26/2023,19778.30,19733.35,19825.60,19716.70,244.75B,0.50%
07/25/2023,19680.60,19729.35,19729.35,19615.95,369.65B,0.04%
07/24/2023,19672.35,19748.45,19782.75,19658.30,265.56B,-0.37%
07/21/2023,19745.00,19800.45,19887.40,19700.00,312.46B,-1.17%
07/20/2023,19979.15,19831.70,19991.85,19758.40,274.70B,0.74%
07/19/2023,19833.15,19802.95,19851.70,19727.45,259.66B,0.42%
07/18/2023,19749.25,19787.50,19819.45,19690.20,286.35B,0.19%
07/17/2023,19711.45,19612.15,19731.85,19562.95,268.71B,0.75%
07/14/2023,19564.50,19493.45,19595.35,19433.50,291.17B,0.78%
07/13/2023,19413.75,19495.20,19567.00,19385.80,310.44B,0.15%
07/12/23,19384.30,19497.45,19507.70,19361.75,327.94B,-0.28%
07/11/23,19439.40,19427.10,19515.10,19406.45,251.26B,0.43%
07/10/23,19355.90,19400.35,19435.85,19327.10,268.25B,0.12%
07/07/23,19331.80,19422.80,19523.60,19303.60,237.10B,-0.85%
07/06/23,19497.30,19385.70,19512.20,19373.00,268.26B,0.51%
07/05/23,19398.50,19405.95,19421.60,19339.60,224.42B,0.05%
07/04/23,19389.00,19406.60,19434.15,19300.00,226.92B,0.34%
07/03/23,19322.55,19246.50,19345.10,19234.40,226.05B,0.70%
06/30/2023,19189.05,19076.85,19201.70,19024.60,247.91B,1.14%
06/28/2023,18972.10,18908.15,19011.25,18861.35,398.78B,0.82%
06/27/2023,18817.40,18748.55,18829.25,18714.25,222.46B,0.68%
06/26/2023,18691.20,18682.35,18722.05,18646.70,171.27B,0.14%
06/23/2023,18665.50,18741.85,18756.40,18647.10,210.56B,-0.56%
06/22/2023,18771.25,18853.60,18886.60,18759.50,252.70B,-0.45%
06/21/2023,18856.85,18849.40,18875.90,18794.85,217.48B,0.21%
06/20/2023,18816.70,18752.35,18839.70,18660.65,211.65B,0.33%
06/19/2023,18755.45,18873.30,18881.45,18719.15,219.82B,-0.37%
06/16/2023,18826.00,18723.30,18864.70,18710.50,272.77B,0.74%
06/15/2023,18688.10,18774.45,18794.10,18669.05,263.00B,-0.36%
06/14/2023,18755.90,18744.60,18769.70,18690.00,261.35B,0.21%
06/13/2023,18716.15,18631.80,18728.90,18631.80,233.17B,0.62%
06/12/23,18601.50,18595.05,18633.60,18559.75,179.46B,0.21%
06/09/23,18563.40,18655.90,18676.65,18555.40,221.76B,-0.38%
06/08/23,18634.55,18725.35,18777.90,18615.60,286.47B,-0.49%
06/07/23,18726.40,18665.60,18738.95,18636.00,260.11B,0.68%
06/06/23,18599.00,18600.80,18622.75,18531.60,220.79B,0.03%
06/05/23,18593.85,18612.00,18640.15,18582.80,256.11B,0.32%
06/02/23,18534.10,18550.85,18573.70,18478.40,270.92B,0.25%
06/01/23,18487.75,18579.40,18580.30,18464.55,265.63B,-0.25%
05/31/2023,18534.40,18594.20,18603.90,18483.85,696.50B,-0.53%
05/30/2023,18633.85,18606.65,18662.45,18575.50,234.39B,0.19%
05/29/2023,18598.65,18619.15,18641.20,18581.25,265.32B,0.54%
05/26/2023,18499.35,18368.35,18508.55,18333.15,198.67B,0.97%
05/25/2023,18321.15,18268.90,18338.10,18202.40,235.92B,0.20%
05/24/2023,18285.40,18294.80,18392.60,18262.95,232.62B,-0.34%
05/23/2023,18348.00,18362.90,18419.75,18324.20,270.35B,0.18%
05/22/2023,18314.40,18201.10,18335.25,18178.85,262.56B,0.61%
05/19/2023,18203.40,18186.15,18218.10,18060.40,260.90B,0.41%
05/18/2023,18129.95,18287.50,18297.20,18104.85,272.10B,-0.28%
05/17/2023,18181.75,18300.45,18309.00,18115.35,229.90B,-0.57%
05/16/2023,18286.50,18432.35,18432.35,18264.35,219.49B,-0.61%
05/15/2023,18398.85,18339.30,18458.90,18287.90,216.09B,0.46%
05/12/23,18314.80,18273.75,18342.75,18194.55,241.70B,0.10%
05/11/23,18297.00,18357.80,18389.70,18270.40,248.93B,-0.10%
05/10/23,18315.10,18313.60,18326.75,18211.95,220.45B,0.27%
05/09/23,18265.95,18303.40,18344.20,18229.65,245.37B,0.01%
05/08/23,18264.40,18120.60,18286.95,18100.30,228.40B,1.08%
05/05/23,18069.00,18117.30,18216.95,18055.45,239.70B,-1.02%
05/04/23,18255.80,18081.00,18267.45,18066.70,226.64B,0.92%
05/03/23,18089.85,18113.80,18116.35,18042.40,226.17B,-0.32%
05/02/23,18147.65,18124.80,18180.25,18101.75,265.22B,0.46%
04/28/2023,18065.00,17950.40,18089.15,17885.30,290.26B,0.84%
04/27/2023,17915.05,17813.10,17931.60,17797.90,241.43B,0.57%
04/26/2023,17813.60,17767.30,17827.75,17711.20,233.01B,0.25%
04/25/2023,17769.25,17761.55,17807.45,17716.85,297.45B,0.15%
04/24/2023,17743.40,17707.55,17754.50,17612.50,255.74B,0.68%
04/21/2023,17624.05,17639.75,17663.20,17553.95,230.16B,0.00%
04/20/2023,17624.45,17638.60,17684.45,17584.35,215.10B,0.03%
04/19/2023,17618.75,17653.35,17666.15,17579.85,281.46B,-0.23%
04/18/2023,17660.15,17766.60,17766.60,17610.20,258.86B,-0.26%
04/17/2023,17706.85,17863.00,17863.00,17574.05,357.40B,-0.68%
04/13/2023,17828.00,17807.30,17842.15,17729.65,285.76B,0.09%
04/12/23,17812.40,17759.55,17825.75,17717.25,232.82B,0.51%
04/11/23,17722.30,17704.80,17748.75,17655.15,304.26B,0.56%
04/10/23,17624.05,17634.90,17694.10,17597.95,254.82B,0.14%
04/06/23,17599.15,17533.85,17638.70,17502.85,242.71B,0.24%
04/05/23,17557.05,17422.30,17570.55,17402.70,248.35B,0.91%
04/03/23,17398.05,17427.95,17428.05,17312.75,230.17B,0.22%
03/31/2023,17359.75,17210.35,17381.60,17204.65,263.89B,1.63%
03/29/2023,17080.70,16977.30,17126.15,16940.60,345.91B,0.76%
03/28/2023,16951.70,17031.75,17061.75,16913.75,238.84B,-0.20%
03/27/2023,16985.70,16984.30,17091.00,16918.55,218.42B,0.24%
03/24/2023,16945.05,17076.20,17109.45,16917.35,228.04B,-0.77%
03/23/2023,17076.90,17097.40,17205.40,17045.30,219.17B,-0.44%
03/22/2023,17151.90,17177.45,17207.25,17107.85,,0.26%
03/21/2023,17107.50,17060.40,17127.70,17016.00,246.74B,0.70%
03/20/2023,16988.40,17066.60,17066.60,16828.35,241.78B,-0.65%
03/17/2023,17100.05,17111.80,17145.80,16958.15,408.12B,0.67%
03/16/2023,16985.60,16994.65,17062.45,16850.15,349.82B,0.08%
03/15/2023,16972.15,17166.45,17211.35,16938.90,248.19B,-0.42%
03/14/2023,17043.30,17160.55,17224.65,16987.10,290.60B,-0.65%
03/13/2023,17154.30,17421.90,17529.90,17113.45,254.91B,-1.49%
03/10/23,17412.90,17443.80,17451.50,17324.35,235.93B,-1.00%
03/09/23,17589.60,17772.05,17772.35,17573.60,262.35B,-0.93%
03/08/23,17754.40,17665.75,17766.50,17602.25,267.04B,0.24%
03/06/23,17711.45,17680.35,17799.95,17671.95,362.80B,0.67%
03/03/23,17594.35,17451.25,17644.75,17427.70,356.17B,1.57%
03/02/23,17321.90,17421.50,17445.80,17306.00,310.67B,-0.74%
03/01/23,17450.90,17360.10,17467.75,17345.25,272.88B,0.85%
02/28/2023,17303.95,17383.25,17440.45,17255.20,420.88B,-0.51%
02/27/2023,17392.70,17428.60,17451.60,17299.00,246.45B,-0.42%
02/24/2023,17465.80,17591.35,17599.75,17421.80,209.41B,-0.26%
02/23/2023,17511.25,17574.65,17620.05,17455.40,240.81B,-0.25%
02/22/2023,17554.30,17755.35,17772.50,17529.45,204.02B,-1.53%
02/21/2023,17826.70,17905.80,17924.90,17800.30,198.25B,-0.10%
02/20/2023,17844.60,17965.55,18004.35,17818.40,174.56B,-0.56%
02/17/2023,17944.20,17974.85,18034.25,17884.60,208.05B,-0.51%
02/16/2023,18035.85,18094.75,18134.75,18000.65,230.25B,0.11%
02/15/2023,18015.85,17896.60,18034.10,17853.80,229.27B,0.48%
02/14/2023,17929.85,17840.35,17954.55,17800.05,244.51B,0.89%
02/13/2023,17770.90,17859.10,17880.70,17719.75,231.28B,-0.48%
02/10/23,17856.50,17847.55,17876.95,17801.00,231.99B,-0.21%
02/09/23,17893.45,17885.50,17916.90,17779.80,260.85B,0.12%
02/08/23,17871.70,17750.30,17898.70,17744.15,290.99B,0.85%
02/07/23,17721.50,17790.10,17811.15,17652.55,354.40B,-0.24%
02/06/23,17764.60,17818.55,17823.70,17698.35,282.54B,-0.50%
02/03/23,17854.05,17721.75,17870.30,17584.20,424.12B,1.38%
02/02/23,17610.40,17517.10,17653.90,17445.95,490.11B,-0.03%
02/01/23,17616.30,17811.60,17972.20,17353.40,512.87B,-0.26%
01/31/2023,17662.15,17731.45,17735.70,17537.55,398.34B,0.07%
01/30/2023,17648.95,17541.95,17709.15,17405.55,432.43B,0.25%
01/27/2023,17604.35,17877.20,17884.75,17493.55,476.34B,-1.61%
01/25/2023,17891.95,18093.35,18100.60,17846.15,257.23B,-1.25%
01/24/2023,18118.30,18183.95,18201.25,18078.65,216.91B,0.00%
01/23/2023,18118.55,18118.45,18162.60,18063.45,202.46B,0.50%
01/20/2023,18027.65,18115.60,18145.45,18016.20,237.23B,-0.44%
01/19/2023,18107.85,18119.80,18155.20,18063.75,237.83B,-0.32%
01/18/2023,18165.35,18074.30,18183.75,18032.45,255.84B,0.62%
01/17/2023,18053.30,17922.80,18072.05,17886.95,219.06B,0.89%
01/16/2023,17894.85,18033.15,18049.65,17853.65,206.20B,-0.34%
01/13/2023,17956.60,17867.50,17999.35,17774.25,256.70B,0.55%
01/12/23,17858.20,17920.85,17945.80,17761.65,227.77B,-0.21%
01/11/23,17895.70,17924.25,17976.35,17824.35,259.85B,-0.10%
01/10/23,17914.15,18121.30,18127.60,17856.00,283.28B,-1.03%
01/09/23,18101.20,17952.55,18141.40,17936.15,257.24B,1.35%
01/06/23,17859.45,18008.05,18047.40,17795.55,238.22B,-0.74%
01/05/23,17992.15,18101.95,18120.30,17892.60,269.95B,-0.28%
01/04/23,18042.95,18230.65,18243.00,18020.60,235.16B,-1.04%
01/03/23,18232.55,18163.20,18251.95,18149.80,208.70B,0.19%
01/02/23,18197.45,18131.70,18215.15,18086.50,256.07B,0.51%
12/30/2022,18105.30,18259.10,18265.25,18080.30,192.01B,-0.47%
12/29/2022,18191.00,18045.70,18229.70,17992.80,281.05B,0.38%
12/28/2022,18122.50,18084.75,18173.10,18068.35,193.87B,-0.05%
12/27/2022,18132.30,18089.80,18149.25,17967.45,214.26B,0.65%
12/26/2022,18014.60,17830.40,18084.10,17774.25,176.65B,1.17%
12/23/2022,17806.80,17977.65,18050.45,17779.50,221.45B,-1.77%
12/22/2022,18127.35,18288.80,18318.75,18068.60,195.70B,-0.39%
12/21/2022,18199.10,18435.15,18473.35,18162.75,187.59B,-1.01%
12/20/2022,18385.30,18340.30,18404.90,18202.65,169.04B,-0.19%
12/19/2022,18420.45,18288.10,18431.65,18244.55,154.85B,0.83%
12/16/2022,18269.00,18319.10,18440.95,18255.15,277.65B,-0.79%
12/15/2022,18414.90,18614.40,18652.90,18387.70,183.13B,-1.32%
12/14/2022,18660.30,18671.25,18696.10,18632.90,208.03B,0.28%
12/13/2022,18608.00,18524.40,18617.25,18490.20,187.59B,0.60%
12/12/22,18497.15,18402.15,18521.55,18345.70,193.88B,0.00%
12/09/22,18496.60,18662.40,18664.70,18410.10,215.84B,-0.61%
12/08/22,18609.35,18570.85,18625.00,18536.95,202.81B,0.26%
12/07/22,18560.50,18638.85,18668.30,18528.40,200.50B,-0.44%
12/06/22,18642.75,18600.65,18654.90,18577.90,217.78B,-0.31%
12/05/22,18701.05,18719.55,18728.60,18591.35,288.39B,0.03%
12/02/22,18696.10,18752.40,18781.95,18639.20,254.40B,-0.62%
12/01/22,18812.50,18871.95,18887.60,18778.20,324.96B,0.29%
11/30/2022,18758.35,18625.70,18816.05,18616.55,345.64B,0.75%
11/29/2022,18618.05,18552.45,18678.10,18552.15,195.26B,0.30%
11/28/2022,18562.75,18430.55,18614.25,18365.60,206.47B,0.27%
11/25/2022,18512.75,18528.45,18534.90,18445.10,205.88B,0.16%
11/24/2022,18484.10,18326.10,18529.70,18294.25,204.04B,1.19%
11/23/2022,18267.25,18325.20,18325.40,18246.00,178.79B,0.13%
11/22/2022,18244.20,18179.15,18261.85,18137.70,177.68B,0.46%
11/21/2022,18159.95,18246.40,18262.30,18133.35,213.79B,-0.81%
11/18/2022,18307.65,18382.95,18394.60,18209.80,198.79B,-0.20%
11/17/2022,18343.90,18358.70,18417.60,18312.95,200.51B,-0.36%
11/16/2022,18409.65,18398.25,18442.15,18344.15,219.27B,0.03%
11/15/2022,18403.40,18362.75,18427.95,18282.00,250.93B,0.41%
11/14/2022,18329.15,18376.40,18399.45,18311.40,301.40B,-0.11%
11/11/22,18349.70,18272.35,18362.30,18259.35,378.47B,1.78%
11/10/22,18028.20,18044.35,18103.10,17969.40,256.45B,-0.71%
11/09/22,18157.00,18288.25,18296.40,18117.50,307.16B,-0.25%
11/07/22,18202.80,18211.75,18255.50,18064.75,314.76B,0.47%
11/04/22,18117.15,18053.40,18135.10,18017.15,267.94B,0.36%
11/03/22,18052.70,17968.35,18106.30,17959.20,212.97B,-0.17%
11/02/22,18082.85,18177.90,18178.75,18048.65,270.88B,-0.34%
11/01/22,18145.40,18130.70,18175.80,18060.15,349.92B,0.74%
10/31/2022,18012.20,17910.20,18022.80,17899.90,227.17B,1.27%
10/28/2022,17786.80,17756.40,17838.90,17723.70,250.03B,0.28%
10/27/2022,17736.95,17771.40,17783.90,17654.50,324.65B,0.46%
10/25/2022,17656.35,17808.30,17811.50,17637.00,251.36B,-0.42%
10/24/2022,17730.75,17736.35,17777.55,17707.40,45.03B,0.88%
10/21/2022,17576.30,17622.85,17670.15,17520.75,277.70B,0.07%
10/20/2022,17563.95,17423.10,17584.15,17421.00,249.60B,0.30%
10/19/2022,17512.25,17568.15,17607.60,17472.85,210.48B,0.14%
10/18/2022,17486.95,17438.75,17527.80,17434.05,239.49B,1.01%
10/17/2022,17311.80,17144.80,17328.55,17098.55,212.22B,0.73%
10/14/2022,17185.70,17322.30,17348.55,17169.75,227.00B,1.01%
10/13/2022,17014.35,17087.35,17112.35,16956.95,266.44B,-0.64%
10/12/22,17123.60,17025.55,17142.35,16960.05,256.04B,0.82%
10/11/22,16983.55,17256.05,17261.80,16950.30,282.62B,-1.49%
10/10/22,17241.00,17094.35,17280.15,17064.70,234.01B,-0.43%
10/07/22,17314.65,17287.20,17337.35,17216.95,216.27B,-0.10%
10/06/22,17331.80,17379.25,17428.80,17315.65,265.45B,0.33%
10/04/22,17274.30,17147.45,17287.30,17117.30,226.02B,2.29%
10/03/22,16887.35,17102.10,17114.65,16855.55,278.37B,-1.21%
09/30/2022,17094.35,16798.05,17187.10,16747.70,376.11B,1.64%
09/29/2022,16818.10,16993.60,17026.05,16788.60,340.03B,-0.24%
09/28/2022,16858.60,16870.55,17037.60,16820.40,323.92B,-0.87%
09/27/2022,17007.40,17110.90,17176.45,16942.35,359.90B,-0.05%
09/26/2022,17016.30,17156.30,17196.40,16978.30,492.00B,-1.80%
09/23/2022,17327.35,17593.85,17642.15,17291.65,390.75B,-1.72%
09/22/2022,17629.80,17609.65,17722.75,17532.45,284.09B,-0.50%
09/21/2022,17718.35,17766.35,17838.70,17663.60,245.53B,-0.55%
09/20/2022,17816.25,17770.40,17919.30,17744.40,263.10B,1.10%
09/19/2022,17622.25,17540.65,17667.20,17429.70,258.33B,0.52%
09/16/2022,17530.85,17796.80,17820.05,17497.25,468.46B,-1.94%
09/15/2022,17877.40,18046.35,18096.15,17861.50,289.64B,-0.70%
09/14/2022,18003.75,17771.15,18091.55,17771.15,365.87B,-0.37%
09/13/2022,18070.05,18044.45,18088.30,18015.45,259.92B,0.75%
09/12/22,17936.35,17890.85,17980.55,17889.15,228.24B,0.58%
09/09/22,17833.35,17923.35,17925.95,17786.00,270.30B,0.19%
09/08/22,17798.75,17748.15,17807.65,17691.95,279.85B,0.99%
09/07/22,17624.40,17519.40,17650.75,17484.30,354.14B,-0.18%
09/06/22,17655.60,17695.70,17764.65,17587.65,251.20B,-0.06%
09/05/22,17665.80,17546.45,17683.15,17540.35,230.31B,0.72%
09/02/22,17539.45,17598.40,17643.85,17476.45,256.27B,-0.02%
09/01/22,17542.80,17485.70,17695.60,17468.45,308.53B,-1.22%
08/30/2022,17759.30,17414.95,17777.65,17401.50,324.69B,2.58%
08/29/2022,17312.90,17188.65,17380.15,17166.20,244.85B,-1.40%
08/26/2022,17558.90,17619.30,17685.85,17519.35,266.64B,0.21%
08/25/2022,17522.45,17679.00,17726.50,17487.45,230.18B,-0.47%
08/24/2022,17604.95,17525.45,17623.65,17499.25,261.95B,0.16%
08/23/2022,17577.50,17357.35,17625.55,17345.20,285.62B,0.50%
08/22/2022,17490.70,17682.90,17690.05,17467.35,287.56B,-1.51%
08/19/2022,17758.45,17966.55,17992.20,17710.75,295.63B,-1.10%
08/18/2022,17956.50,17898.65,17968.45,17852.05,263.91B,0.07%
08/17/2022,17944.25,17868.15,17965.95,17833.35,262.77B,0.67%
08/16/2022,17825.25,17797.20,17839.10,17764.05,,0.72%
08/12/22,17698.15,17659.65,17724.65,17597.85,303.87B,0.22%
08/11/22,17659.00,17711.65,17719.30,17631.95,311.25B,0.71%
08/10/22,17534.75,17566.10,17566.10,17442.80,312.72B,0.06%
08/08/22,17525.10,17401.50,17548.80,17359.75,256.99B,0.73%
08/05/22,17397.50,17423.65,17474.40,17348.75,355.31B,0.09%
08/04/22,17382.00,17463.10,17490.70,17161.25,324.98B,-0.04%
08/03/22,17388.15,17349.25,17407.50,17225.85,285.41B,0.25%
08/02/22,17345.45,17310.15,17390.15,17215.85,333.64B,0.03%
08/01/22,17340.05,17243.20,17356.25,17154.80,381.53B,1.06%
07/29/2022,17158.25,17079.50,17172.80,17018.15,436.06B,1.35%
07/28/2022,16929.60,16774.85,16947.65,16746.25,376.26B,1.73%
07/27/2022,16641.80,16475.35,16653.45,16438.75,185.21B,0.96%
07/26/2022,16483.85,16632.90,16636.10,16463.30,208.21B,-0.88%
07/25/2022,16631.00,16662.55,16706.05,16564.25,211.39B,-0.53%
07/22/2022,16719.45,16661.25,16752.25,16610.90,190.91B,0.69%
07/21/2022,16605.25,16523.55,16626.95,16483.90,243.63B,0.51%
07/20/2022,16520.85,16562.80,16588.00,16490.95,284.36B,1.10%
07/19/2022,16340.55,16187.05,16359.50,16187.05,222.63B,0.38%
07/18/2022,16278.50,16151.40,16287.95,16142.20,227.74B,1.43%
07/15/2022,16049.20,16010.80,16066.95,15927.30,205.77B,0.69%
07/14/2022,15938.65,16018.85,16070.85,15858.20,228.60B,-0.18%
07/13/2022,15966.65,16128.20,16140.00,15950.15,233.26B,-0.57%
07/12/22,16058.30,16126.20,16158.75,16031.15,208.65B,-0.97%
07/11/22,16216.00,16136.15,16248.55,16115.50,255.92B,-0.03%
07/08/22,16220.60,16273.65,16275.50,16157.90,281.10B,0.54%
07/07/22,16132.90,16113.75,16150.50,16045.95,264.62B,0.89%
07/06/22,15989.80,15818.20,16011.35,15800.90,288.38B,1.13%
07/05/22,15810.85,15909.15,16025.75,15785.45,254.16B,-0.15%
07/04/22,15835.35,15710.50,15852.35,15661.80,304.33B,0.53%
07/01/22,15752.05,15703.70,15793.95,15511.05,364.09B,-0.18%
06/30/2022,15780.25,15774.50,15890.00,15728.85,306.03B,-0.12%
06/29/2022,15799.10,15701.70,15861.60,15687.80,444.95B,-0.32%
06/28/2022,15850.20,15757.45,15892.10,15710.15,251.87B,0.11%
06/27/2022,15832.05,15926.20,15927.45,15815.50,210.93B,0.85%
06/24/2022,15699.25,15657.40,15749.25,15619.45,219.60B,0.92%
06/23/2022,15556.65,15451.55,15628.45,15367.50,259.17B,0.93%
06/22/2022,15413.30,15545.65,15565.40,15385.95,220.89B,-1.44%
06/21/2022,15638.80,15455.95,15707.25,15419.85,262.79B,1.88%
06/20/2022,15350.15,15334.50,15382.50,15191.10,260.02B,0.37%
06/17/2022,15293.50,15272.65,15400.40,15183.40,342.63B,-0.44%
06/16/2022,15360.60,15832.25,15863.15,15335.10,264.74B,-2.11%
06/15/2022,15692.15,15729.25,15783.65,15678.90,183.01B,-0.25%
06/14/2022,15732.10,15674.25,15858.00,15659.45,225.43B,-0.27%
06/13/2022,15774.40,15877.55,15886.15,15684.00,225.53B,-2.64%
06/10/22,16201.80,16283.95,16324.70,16172.60,189.68B,-1.68%
06/09/22,16478.10,16263.85,16492.80,16243.85,204.95B,0.74%
06/08/22,16356.25,16474.95,16514.30,16293.35,243.48B,-0.37%
06/07/22,16416.35,16469.60,16487.25,16347.10,233.81B,-0.92%
06/06/22,16569.55,16530.70,16610.95,16444.55,233.59B,-0.09%
06/03/22,16584.30,16761.65,16793.85,16567.90,245.51B,-0.26%
06/02/22,16628.00,16481.65,16646.40,16443.05,235.96B,0.64%
06/01/22,16522.75,16594.40,16649.20,16438.85,249.62B,-0.37%
05/31/2022,16584.55,16578.45,16690.75,16521.90,651.61B,-0.46%
05/30/2022,16661.40,16527.90,16695.50,16506.15,251.40B,1.89%
05/27/2022,16352.45,16296.60,16370.60,16221.95,274.06B,1.13%
05/26/2022,16170.15,16105.00,16204.45,15903.70,314.31B,0.90%
05/25/2022,16025.80,16196.35,16223.35,16006.95,243.34B,-0.62%
05/24/2022,16125.15,16225.55,16262.80,16078.60,249.78B,-0.55%
05/23/2022,16214.70,16290.95,16414.70,16185.75,293.83B,-0.32%
05/20/2022,16266.15,16043.80,16283.05,16003.85,252.40B,2.89%
05/19/2022,15809.40,15917.40,15984.75,15775.20,313.88B,-2.65%
05/18/2022,16240.30,16318.15,16399.80,16211.20,290.44B,-0.12%
05/17/2022,16259.30,15912.60,16284.25,15900.80,295.69B,2.63%
05/16/2022,15842.30,15845.10,15977.95,15739.65,217.65B,0.38%
05/13/2022,15782.15,15977.00,16083.60,15740.85,369.14B,-0.16%
05/12/22,15808.00,16021.10,16041.95,15735.75,314.92B,-2.22%
05/11/22,16167.10,16270.05,16318.75,15992.60,284.29B,-0.45%
05/10/22,16240.05,16248.90,16404.55,16197.30,283.06B,-0.38%
05/09/22,16301.85,16227.70,16403.70,16142.10,288.40B,-0.67%
05/06/22,16411.25,16415.55,16484.20,16340.90,300.53B,-1.63%
05/05/22,16682.65,16854.75,16945.70,16651.85,265.79B,0.03%
05/04/22,16677.60,17096.60,17132.85,16623.95,310.63B,-2.29%
05/02/22,17069.10,16924.45,17092.25,16917.25,278.16B,-0.20%
04/29/2022,17102.55,17329.25,17377.65,17053.25,336.24B,-0.83%
04/28/2022,17245.05,17189.50,17322.50,17071.05,312.91B,1.21%
04/27/2022,17038.40,17073.35,17110.70,16958.45,265.14B,-0.94%
04/26/2022,17200.80,17121.30,17223.85,17064.45,261.07B,1.46%
04/25/2022,16953.95,17009.05,17054.30,16888.70,275.69B,-1.27%
04/22/2022,17171.95,17242.75,17315.30,17149.20,262.74B,-1.27%
04/21/2022,17392.60,17234.60,17414.70,17215.50,285.20B,1.49%
04/20/2022,17136.55,17045.25,17186.90,16978.95,286.07B,1.05%
04/19/2022,16958.65,17258.95,17275.65,16824.70,401.40B,-1.25%
04/18/2022,17173.65,17183.45,17237.75,17067.85,376.13B,-1.73%
04/13/2022,17475.65,17599.90,17663.65,17457.40,245.06B,-0.31%
04/12/22,17530.30,17584.85,17595.30,17442.35,266.03B,-0.82%
04/11/22,17674.95,17740.90,17779.05,17650.95,251.70B,-0.62%
04/08/22,17784.35,17698.15,17842.75,17600.55,274.45B,0.82%
04/07/22,17639.55,17723.30,17787.50,17623.70,308.84B,-0.94%
04/06/22,17807.65,17842.75,17901.00,17779.85,328.82B,-0.83%
04/05/22,17957.40,18080.60,18095.45,17921.55,283.45B,-0.53%
04/04/22,18053.40,17809.10,18114.65,17791.40,345.53B,2.17%
04/01/22,17670.45,17436.90,17703.70,17422.70,291.77B,1.18%
03/31/2022,17464.75,17519.20,17559.80,17435.20,281.11B,-0.19%
03/30/2022,17498.25,17468.15,17522.50,17387.20,505.03B,1.00%
03/29/2022,17325.30,17297.20,17343.65,17235.70,235.15B,0.60%
03/28/2022,17222.00,17181.85,17235.10,17003.90,253.24B,0.40%
03/25/2022,17153.00,17289.00,17294.90,17076.55,237.12B,-0.40%
03/24/2022,17222.75,17094.95,17291.75,17091.15,290.28B,-0.13%
03/23/2022,17245.65,17405.05,17442.40,17199.60,292.12B,-0.40%
03/22/2022,17315.50,17120.40,17334.40,17006.30,338.26B,1.16%
03/21/2022,17117.60,17329.50,17353.35,17096.40,285.45B,-0.98%
03/17/2022,17287.05,17202.90,17344.60,17175.75,448.34B,1.84%
03/16/2022,16975.35,16876.65,16987.90,16837.85,259.97B,1.87%
03/15/2022,16663.00,16900.65,16927.75,16555.00,381.63B,-1.23%
03/14/2022,16871.30,16633.70,16887.95,16606.50,314.67B,1.45%
03/11/22,16630.45,16528.80,16694.40,16470.90,343.72B,0.21%
03/10/22,16594.90,16757.10,16757.30,16447.90,486.45B,1.53%
03/09/22,16345.35,16078.00,16418.05,15990.00,462.23B,2.07%
03/08/22,16013.45,15747.75,16028.75,15671.45,543.60B,0.95%
03/07/22,15863.15,15867.95,15944.60,15711.45,585.40B,-2.35%
03/04/22,16245.35,16339.45,16456.00,16133.80,456.14B,-1.53%
03/03/22,16498.05,16723.20,16768.95,16442.95,442.07B,-0.65%
03/02/22,16605.95,16593.10,16678.50,16478.65,517.72B,-1.12%
02/28/2022,16793.90,16481.60,16815.90,16356.30,404.21B,0.81%
02/25/2022,16658.40,16515.65,16748.80,16478.30,329.78B,2.53%
02/24/2022,16247.95,16548.90,16705.25,16203.25,457.97B,-4.78%
02/23/2022,17063.25,17194.50,17220.70,17027.85,200.23B,-0.17%
02/22/2022,17092.20,16847.95,17148.55,16843.80,300.13B,-0.67%
02/21/2022,17206.65,17192.25,17351.05,17070.70,215.18B,-0.40%
02/18/2022,17276.30,17236.05,17380.80,17219.20,189.62B,-0.16%
02/17/2022,17304.60,17396.55,17442.90,17235.85,232.14B,-0.10%
02/16/2022,17322.20,17408.45,17490.60,17257.70,244.55B,-0.17%
02/15/2022,17352.45,16933.25,17375.00,16839.25,298.66B,3.03%
02/14/2022,16842.80,17076.15,17099.50,16809.65,305.51B,-3.06%
02/11/22,17374.75,17451.00,17454.75,17303.00,253.14B,-1.31%
02/10/22,17605.85,17554.10,17639.45,17427.15,273.61B,0.81%
02/09/22,17463.80,17370.10,17477.15,17339.00,236.35B,1.14%
02/08/22,17266.75,17279.85,17306.45,17043.65,268.53B,0.31%
02/07/22,17213.60,17456.30,17536.75,17119.40,265.04B,-1.73%
02/04/22,17516.30,17590.20,17617.80,17462.55,261.43B,-0.25%
02/03/22,17560.20,17767.75,17781.15,17511.15,226.61B,-1.24%
02/02/22,17780.00,17706.20,17794.60,17674.80,271.21B,1.16%
02/01/22,17576.85,17529.45,17622.40,17244.55,386.39B,1.37%
01/31/2022,17339.85,17301.05,17410.00,17264.15,321.66B,1.39%
01/28/2022,17101.95,17208.30,17373.50,17077.10,355.28B,-0.05%
01/27/2022,17110.15,17062.00,17182.50,16866.75,395.60B,-0.97%
01/25/2022,17277.95,17001.55,17309.15,16836.80,326.52B,0.75%
01/24/2022,17149.10,17575.15,17599.40,16997.85,323.85B,-2.66%
01/21/2022,17617.15,17613.70,17707.60,17485.85,277.65B,-0.79%
01/20/2022,17757.00,17921.00,17943.70,17648.45,258.09B,-1.01%
01/19/2022,17938.40,18129.20,18129.20,17884.90,276.66B,-0.96%
01/18/2022,18113.05,18337.20,18350.95,18085.90,227.51B,-1.07%
01/17/2022,18308.10,18235.65,18321.55,18228.75,266.70B,0.29%
01/14/2022,18255.75,18185.00,18286.95,18119.65,229.45B,-0.01%
01/13/2022,18257.80,18257.00,18272.25,18163.80,303.70B,0.25%
01/12/22,18212.35,18170.40,18227.95,18128.80,244.97B,0.87%
01/11/22,18055.75,17997.75,18081.25,17964.40,220.24B,0.29%
01/10/22,18003.30,17913.30,18017.45,17879.15,232.42B,1.07%
01/07/22,17812.70,17797.60,17905.00,17704.55,239.34B,0.38%
01/06/22,17745.90,17768.50,17797.95,17655.55,236.45B,-1.00%
01/05/22,17925.25,17820.10,17944.70,17748.85,251.46B,0.67%
01/04/22,17805.25,17681.40,17827.60,17593.55,247.44B,1.02%
01/03/22,17625.70,17387.15,17646.65,17383.30,200.46B,1.57%
12/31/2021,17354.05,17244.50,17400.80,17238.50,167.03B,0.87%
12/30/2021,17203.95,17201.45,17264.05,17146.35,320.83B,-0.06%
12/29/2021,17213.60,17220.10,17285.95,17176.65,161.68B,-0.11%
12/28/2021,17233.25,17177.60,17250.25,17161.15,176.03B,0.86%
12/27/2021,17086.25,16937.75,17112.05,16833.20,144.78B,0.49%
12/24/2021,17003.75,17149.50,17155.60,16909.60,182.56B,-0.40%
12/23/2021,17072.60,17066.80,17118.65,17015.55,196.97B,0.69%
12/22/2021,16955.45,16865.55,16971.00,16819.50,207.95B,1.10%
12/21/2021,16770.85,16773.15,16936.40,16688.25,241.03B,0.94%
12/20/2021,16614.20,16824.25,16840.10,16410.20,330.61B,-2.18%
12/17/2021,16985.20,17276.00,17298.15,16966.45,354.59B,-1.53%
12/16/2021,17248.40,17373.00,17379.35,17184.95,219.50B,0.16%
12/15/2021,17221.40,17323.65,17351.20,17192.20,214.97B,-0.60%
12/14/2021,17324.90,17283.20,17376.20,17225.80,270.97B,-0.25%
12/13/2021,17368.25,17619.10,17639.50,17355.95,256.56B,-0.82%
12/10/21,17511.30,17476.05,17534.35,17405.25,204.47B,-0.03%
12/09/21,17516.85,17524.40,17543.25,17379.60,237.17B,0.27%
12/08/21,17469.75,17315.25,17484.60,17308.95,257.79B,1.71%
12/07/21,17176.70,17044.10,17251.65,16987.75,254.14B,1.56%
12/06/21,16912.25,17209.05,17216.75,16891.70,231.72B,-1.65%
12/03/21,17196.70,17424.90,17489.80,17180.80,292.53B,-1.18%
12/02/21,17401.65,17183.20,17420.35,17149.30,279.87B,1.37%
12/01/21,17166.90,17104.40,17213.05,17064.25,295.54B,1.08%
11/30/2021,16983.20,17051.15,17324.65,16931.40,498.00B,-0.41%
11/29/2021,17053.95,17055.80,17160.70,16782.40,348.89B,0.16%
11/26/2021,17026.45,17338.75,17355.40,16985.70,356.33B,-2.91%
11/25/2021,17536.25,17417.30,17564.35,17351.70,255.95B,0.70%
11/24/2021,17415.05,17550.05,17600.60,17354.00,298.05B,-0.50%
11/23/2021,17503.35,17281.75,17553.70,17216.10,308.84B,0.50%
11/22/2021,17416.55,17796.25,17805.25,17280.45,356.40B,-1.96%
11/18/2021,17764.80,17890.55,17945.60,17688.50,278.43B,-0.75%
11/17/2021,17898.65,17939.35,18022.65,17879.25,295.72B,-0.56%
11/16/2021,17999.20,18127.05,18132.65,17958.80,267.43B,-0.61%
11/15/2021,18109.45,18140.95,18210.15,18071.30,280.43B,0.04%
11/12/21,18102.75,17977.60,18123.00,17905.90,249.11B,1.28%
11/11/21,17873.60,17967.45,17971.35,17798.20,232.12B,-0.80%
11/10/21,18017.20,17973.45,18061.25,17915.00,261.45B,-0.15%
11/09/21,18044.25,18084.35,18112.60,17983.05,270.20B,-0.13%
11/08/21,18068.55,18040.20,18087.80,17836.10,338.92B,0.85%
11/04/21,17916.80,17935.05,17947.55,17900.60,48.52B,0.49%
11/03/21,17829.20,17947.95,17988.75,17757.95,331.00B,-0.33%
11/02/21,17888.95,17970.90,18012.25,17847.60,296.44B,-0.23%
11/01/21,17929.65,17783.15,17954.10,17697.10,281.19B,1.46%
10/29/2021,17671.65,17833.05,17915.85,17613.10,336.47B,-1.04%
10/28/2021,17857.25,18187.65,18190.70,17799.45,374.21B,-1.94%
10/27/2021,18210.95,18295.85,18342.05,18167.90,335.25B,-0.31%
10/26/2021,18268.40,18154.50,18310.45,18099.30,341.38B,0.79%
10/25/2021,18125.40,18229.50,18241.40,17968.50,418.70B,0.06%
10/22/2021,18114.90,18230.70,18314.25,18034.35,324.75B,-0.35%
10/21/2021,18178.10,18382.70,18384.20,18048.00,365.90B,-0.48%
10/20/2021,18266.60,18439.90,18458.30,18209.35,371.28B,-0.83%
10/19/2021,18418.75,18602.35,18604.45,18377.70,368.23B,-0.32%
10/18/2021,18477.05,18500.10,18543.15,18445.30,469.88B,0.76%
10/14/2021,18338.55,18272.85,18350.75,18248.70,538.71B,0.97%
10/13/2021,18161.75,18097.85,18197.80,18050.75,506.68B,0.94%
10/12/21,17991.95,17915.80,18008.65,17864.95,355.57B,0.26%
10/11/21,17945.95,17867.55,18041.95,17839.10,375.76B,0.28%
10/08/21,17895.20,17886.85,17941.85,17840.35,324.07B,0.59%
10/07/21,17790.35,17810.55,17857.55,17763.80,419.89B,0.82%
10/06/21,17646.00,17861.50,17884.60,17613.15,395.83B,-0.99%
10/05/21,17822.30,17661.35,17833.45,17640.90,427.00B,0.74%
10/04/21,17691.25,17615.55,17750.90,17581.35,295.76B,0.91%
10/01/21,17532.05,17531.90,17557.15,17452.90,305.76B,-0.49%
09/30/2021,17618.15,17718.90,17742.15,17585.35,378.59B,-0.53%
09/29/2021,17711.30,17657.95,17781.75,17608.15,562.24B,-0.21%
09/28/2021,17748.60,17906.45,17912.85,17576.10,398.00B,-0.60%
09/27/2021,17855.10,17932.20,17943.50,17802.90,295.71B,0.01%
09/24/2021,17853.20,17897.45,17947.65,17819.40,360.13B,0.17%
09/23/2021,17822.95,17670.85,17843.90,17646.55,320.51B,1.57%
09/22/2021,17546.65,17580.90,17610.45,17524.00,295.19B,-0.09%
09/21/2021,17562.00,17450.50,17578.35,17326.10,363.58B,0.95%
09/20/2021,17396.90,17443.85,17622.75,17361.80,339.10B,-1.07%
09/17/2021,17585.15,17709.65,17792.95,17537.65,508.29B,-0.25%
09/16/2021,17629.50,17539.20,17644.60,17510.45,503.31B,0.63%
09/15/2021,17519.45,17387.65,17532.70,17386.90,388.19B,0.80%
09/14/2021,17380.00,17420.35,17438.55,17367.05,230.35B,0.14%
09/13/2021,17355.30,17363.55,17378.35,17269.15,241.05B,-0.08%
09/09/21,17369.25,17312.85,17379.65,17302.70,241.51B,0.09%
09/08/21,17353.50,17375.75,17383.40,17254.20,252.65B,-0.05%
09/07/21,17362.10,17401.55,17436.50,17287.00,243.42B,-0.09%
09/06/21,17377.80,17399.35,17429.55,17345.55,228.05B,0.31%
09/03/21,17323.60,17262.45,17340.10,17212.20,261.37B,0.52%
09/02/21,17234.15,17095.40,17245.50,17059.70,242.38B,0.92%
09/01/21,17076.25,17185.60,17225.75,17055.05,301.89B,-0.33%
08/31/2021,17132.20,16947.50,17153.50,16915.85,464.39B,1.19%
08/30/2021,16931.05,16775.85,16951.50,16764.85,283.48B,1.35%
08/27/2021,16705.20,16642.55,16722.05,16565.60,217.41B,0.41%
08/26/2021,16636.90,16627.95,16683.70,16603.40,253.53B,0.01%
08/25/2021,16634.65,16654.00,16712.45,16617.50,265.92B,0.06%
08/24/2021,16624.60,16561.40,16647.10,16495.30,275.36B,0.78%
08/23/2021,16496.45,16592.25,16592.50,16395.70,275.60B,0.28%
08/20/2021,16450.50,16382.50,16509.55,16376.05,350.82B,-0.71%
08/18/2021,16568.85,16691.95,16701.85,16535.85,251.80B,-0.28%
08/17/2021,16614.60,16545.25,16628.55,16495.40,297.39B,0.31%
08/16/2021,16563.05,16518.40,16589.40,16480.75,254.05B,0.21%
08/13/2021,16529.10,16385.70,16543.60,16376.30,321.87B,1.01%
08/12/21,16364.40,16303.65,16375.50,16286.90,280.18B,0.50%
08/11/21,16282.25,16327.30,16338.75,16162.55,277.90B,0.01%
08/10/21,16280.10,16274.80,16359.25,16202.25,287.99B,0.13%
08/09/21,16258.25,16281.35,16320.75,16179.05,240.45B,0.12%
08/06/21,16238.20,16304.40,16336.75,16223.30,320.09B,-0.35%
08/05/21,16294.60,16288.95,16349.45,16210.30,418.17B,0.22%
08/04/21,16258.80,16195.25,16290.20,16176.15,427.34B,0.79%
08/03/21,16130.75,15951.55,16146.90,15914.35,341.29B,1.55%
08/02/21,15885.15,15874.90,15892.90,15834.65,244.85B,0.77%
07/30/2021,15763.05,15800.60,15862.80,15744.85,400.02B,-0.10%
07/29/2021,15778.45,15762.70,15817.35,15737.80,401.58B,0.44%
07/28/2021,15709.40,15761.55,15767.50,15513.45,318.60B,-0.24%
07/27/2021,15746.45,15860.50,15881.55,15701.00,311.01B,-0.49%
07/26/2021,15824.45,15849.30,15893.35,15797.00,267.08B,-0.20%
07/23/2021,15856.05,15856.80,15899.80,15768.40,294.10B,0.20%
07/22/2021,15824.05,15736.60,15834.80,15726.40,265.25B,1.23%
07/20/2021,15632.10,15703.95,15728.45,15578.55,274.28B,-0.76%
07/19/2021,15752.40,15754.50,15836.90,15707.50,242.13B,-1.07%
07/16/2021,15923.40,15958.35,15962.25,15882.60,276.30B,-0.01%
07/15/2021,15924.20,15872.15,15952.35,15855.00,284.85B,0.44%
07/14/2021,15853.95,15808.70,15877.35,15764.20,239.92B,0.26%
07/13/2021,15812.35,15794.00,15820.80,15744.60,246.68B,0.76%
07/12/21,15692.60,15766.80,15789.20,15644.75,216.27B,0.02%
07/09/21,15689.80,15688.25,15730.85,15632.75,243.25B,-0.24%
07/08/21,15727.90,15855.40,15885.75,15682.90,307.93B,-0.96%
07/07/21,15879.65,15819.60,15893.55,15779.70,329.31B,0.39%
07/06/21,15818.25,15813.75,15914.20,15801.00,391.41B,-0.10%
07/05/21,15834.35,15793.40,15845.95,15762.05,207.03B,0.71%
07/02/21,15722.20,15705.85,15738.35,15635.95,254.81B,0.27%
07/01/21,15680.00,15755.05,15755.55,15667.05,224.92B,-0.26%
06/30/2021,15721.50,15776.90,15839.10,15708.75,262.39B,-0.17%
06/29/2021,15748.45,15807.50,15835.90,15724.05,360.33B,-0.42%
06/28/2021,15814.70,15915.35,15915.65,15792.15,255.10B,-0.29%
06/25/2021,15860.35,15839.35,15870.80,15772.30,314.61B,0.44%
06/24/2021,15790.45,15737.30,15821.40,15702.70,316.66B,0.66%
06/23/2021,15686.95,15862.80,15862.95,15673.95,287.54B,-0.54%
06/22/2021,15772.75,15840.50,15895.75,15752.10,322.24B,0.17%
06/21/2021,15746.50,15525.85,15765.15,15505.65,351.53B,0.40%
06/18/2021,15683.35,15756.50,15761.50,15450.90,640.82B,-0.05%
06/17/2021,15691.40,15648.30,15769.35,15616.75,357.65B,-0.48%
06/16/2021,15767.55,15847.50,15880.85,15742.60,340.19B,-0.64%
06/15/2021,15869.25,15866.95,15901.60,15842.40,323.26B,0.36%
06/14/2021,15811.85,15791.40,15823.05,15606.50,392.86B,0.08%
06/11/21,15799.35,15796.45,15835.55,15749.80,363.01B,0.39%
06/10/21,15737.75,15692.10,15751.25,15648.50,298.30B,0.65%
06/09/21,15635.35,15766.30,15800.45,15566.90,457.86B,-0.67%
06/08/21,15740.10,15773.90,15778.80,15680.00,378.16B,-0.07%
06/07/21,15751.65,15725.10,15773.45,15678.10,393.97B,0.52%
06/04/21,15670.25,15712.50,15733.60,15622.35,414.16B,-0.13%
06/03/21,15690.35,15655.55,15705.10,15611.00,410.24B,0.73%
06/02/21,15576.20,15520.35,15597.45,15459.85,428.64B,0.01%
06/01/21,15574.85,15629.65,15660.75,15528.30,409.56B,-0.05%
05/31/2021,15582.80,15437.75,15606.35,15374.00,436.00B,0.95%
05/28/2021,15435.65,15421.20,15469.65,15394.75,455.58B,0.64%
05/27/2021,15337.85,15323.95,15384.55,15272.50,682.37B,0.24%
05/26/2021,15301.45,15257.05,15319.90,15194.95,377.68B,0.61%
05/25/2021,15208.45,15291.75,15293.85,15163.40,417.32B,0.07%
05/24/2021,15197.70,15211.35,15256.25,15145.45,566.72B,0.15%
05/21/2021,15175.30,14987.80,15190.00,14985.85,557.73B,1.81%
05/20/2021,14906.05,15042.60,15069.80,14884.90,467.46B,-0.83%
05/19/2021,15030.15,15058.60,15133.40,15008.85,563.29B,-0.52%
05/18/2021,15108.10,15067.20,15137.25,15043.70,571.92B,1.24%
05/17/2021,14923.15,14756.25,14938.00,14725.35,534.52B,1.67%
05/14/2021,14677.80,14749.40,14749.65,14591.90,602.74B,-0.13%
05/12/21,14696.50,14823.55,14824.05,14649.70,620.32B,-1.04%
05/11/21,14850.75,14789.70,14900.00,14771.40,616.20B,-0.61%
05/10/21,14942.35,14928.25,14966.90,14892.50,510.60B,0.80%
05/07/21,14823.15,14816.85,14863.05,14765.50,483.68B,0.67%
05/06/21,14724.80,14668.35,14743.90,14611.50,445.28B,0.73%
05/05/21,14617.85,14604.15,14637.90,14506.60,437.26B,0.84%
05/04/21,14496.50,14687.25,14723.40,14461.50,479.66B,-0.94%
05/03/21,14634.15,14481.05,14673.85,14416.25,443.41B,0.02%
04/30/2021,14631.10,14747.35,14855.45,14601.70,594.74B,-1.77%
04/29/2021,14894.90,14979.00,15044.35,14814.45,511.47B,0.20%
04/28/2021,14864.55,14710.50,14890.25,14694.95,453.99B,1.44%
04/27/2021,14653.05,14493.80,14667.55,14484.85,442.21B,1.16%
04/26/2021,14485.00,14449.45,14557.50,14421.30,448.53B,1.00%
04/23/2021,14341.35,14326.35,14461.15,14273.30,476.61B,-0.45%
04/22/2021,14406.15,14219.15,14424.75,14151.40,516.99B,0.77%
04/20/2021,14296.40,14526.70,14526.95,14207.30,456.70B,-0.44%
04/19/2021,14359.45,14306.60,14382.30,14191.40,503.14B,-1.77%
04/16/2021,14617.85,14599.60,14697.70,14559.00,568.57B,0.25%
04/15/2021,14581.45,14522.40,14597.55,14353.20,556.85B,0.53%
04/13/2021,14504.80,14364.90,14528.90,14274.90,588.67B,1.36%
04/12/21,14310.80,14644.65,14652.50,14248.70,638.48B,-3.53%
04/09/21,14834.85,14882.65,14918.45,14785.65,498.35B,-0.26%
04/08/21,14873.80,14875.65,14984.15,14821.10,503.73B,0.37%
04/07/21,14819.05,14716.45,14879.80,14649.85,476.38B,0.92%
04/06/21,14683.50,14737.00,14779.10,14573.90,474.21B,0.31%
04/05/21,14637.80,14837.70,14849.85,14459.50,500.48B,-1.54%
04/01/21,14867.35,14798.40,14883.20,14692.45,430.03B,1.20%
03/31/2021,14690.70,14811.85,14813.75,14670.25,436.87B,-1.04%
03/30/2021,14845.10,14628.50,14876.30,14617.60,594.52B,2.33%
03/26/2021,14507.30,14506.30,14572.90,14414.25,481.00B,1.27%
03/25/2021,14324.90,14570.90,14575.60,14264.40,606.82B,-1.54%
03/24/2021,14549.40,14712.45,14752.35,14535.00,456.40B,-1.79%
03/23/2021,14814.75,14768.55,14878.60,14707.00,474.15B,0.53%
03/22/2021,14736.40,14736.30,14763.90,14597.85,459.00B,-0.05%
03/19/2021,14744.00,14471.15,14788.25,14350.10,919.18B,1.28%
03/18/2021,14557.85,14855.50,14875.20,14478.60,542.22B,-1.11%
03/17/2021,14721.30,14946.55,14956.55,14696.05,479.35B,-1.27%
03/16/2021,14910.45,14996.10,15051.60,14890.65,437.65B,-0.13%
03/15/2021,14929.50,15048.40,15048.40,14745.85,467.47B,-0.67%
03/12/21,15030.95,15321.15,15336.30,14953.60,493.24B,-0.95%
03/10/21,15174.80,15202.15,15218.45,15100.85,404.59B,0.51%
03/09/21,15098.40,15049.90,15126.85,14925.45,675.27B,0.95%
03/08/21,14956.20,15002.45,15111.15,14919.90,580.31B,0.12%
03/05/21,14938.10,14977.95,15092.35,14862.10,640.70B,-0.95%
03/04/21,15080.75,15026.75,15202.35,14980.20,534.85B,-1.08%
03/03/21,15245.60,15064.40,15273.15,14995.80,544.21B,2.19%
03/02/21,14919.10,14865.30,14959.10,14760.80,621.72B,1.07%
03/01/21,14761.55,14702.50,14806.80,14638.55,507.30B,1.60%
02/26/2021,14529.15,14888.60,14919.45,14467.75,"1,103.64B",-3.76%
02/25/2021,15097.35,15079.85,15176.50,15065.35,803.88B,0.77%
02/24/2021,14982.00,14729.15,15008.80,14723.05,403.75B,1.86%
02/23/2021,14707.80,14782.25,14854.50,14651.85,744.09B,0.22%
02/22/2021,14675.70,14999.05,15010.10,14635.05,609.90B,-2.04%
02/19/2021,14981.75,15074.80,15144.05,14898.20,712.21B,-0.91%
02/18/2021,15118.95,15238.70,15250.75,15078.05,770.63B,-0.59%
02/17/2021,15208.90,15279.90,15314.30,15170.75,504.77B,-0.68%
02/16/2021,15313.45,15371.45,15431.75,15242.20,648.55B,-0.01%
02/15/2021,15314.70,15270.30,15340.15,15243.40,455.96B,1.00%
02/12/21,15163.30,15186.20,15243.50,15081.00,571.81B,-0.07%
02/11/21,15173.30,15073.25,15188.50,15065.40,500.12B,0.44%
02/10/21,15106.50,15119.05,15168.25,14977.20,624.79B,-0.02%
02/09/21,15109.30,15164.15,15257.10,15064.30,713.28B,-0.04%
02/08/21,15115.80,15064.30,15159.90,15041.05,671.24B,1.28%
02/05/21,14924.25,14952.60,15014.65,14864.75,935.63B,0.19%
02/04/21,14895.65,14789.05,14913.70,14714.75,884.69B,0.71%
02/03/21,14789.95,14754.90,14868.85,14574.15,869.48B,0.97%
02/02/21,14647.85,14481.10,14731.70,14469.15,914.97B,2.57%
02/01/21,14281.20,13758.60,14336.35,13661.75,870.53B,4.74%
01/29/2021,13634.60,13946.60,13966.85,13596.75,753.21B,-1.32%
01/28/2021,13817.55,13810.40,13898.25,13713.25,637.87B,-1.07%
01/27/2021,13967.50,14237.95,14237.95,13929.30,660.71B,-1.91%
01/25/2021,14238.90,14477.80,14491.10,14218.60,618.63B,-0.93%
01/22/2021,14371.90,14583.40,14619.90,14357.75,776.75B,-1.50%
01/21/2021,14590.35,14730.95,14753.55,14517.25,704.65B,-0.37%
01/20/2021,14644.70,14538.30,14666.45,14517.55,623.07B,0.85%
01/19/2021,14521.15,14371.65,14546.05,14350.85,546.11B,1.68%
01/18/2021,14281.30,14453.30,14459.15,14222.80,762.04B,-1.06%
01/15/2021,14433.70,14594.35,14617.45,14357.85,789.56B,-1.11%
01/14/2021,14595.60,14550.05,14617.80,14471.50,620.19B,0.21%
01/13/2021,14564.85,14639.80,14653.35,14435.70,873.96B,0.01%
01/12/21,14563.45,14473.80,14590.65,14432.85,929.57B,0.54%
01/11/21,14484.75,14474.05,14498.20,14383.10,672.88B,0.96%
01/08/21,14347.25,14258.40,14367.30,14221.65,613.47B,1.48%
01/07/21,14137.35,14253.75,14256.25,14123.10,559.17B,-0.06%
01/06/21,14146.25,14240.95,14244.15,14039.90,632.32B,-0.38%
01/05/21,14199.50,14075.15,14215.60,14048.15,492.48B,0.47%
01/04/21,14132.90,14104.35,14147.95,13953.75,495.00B,0.82%
01/01/21,14018.50,13996.10,14049.85,13991.35,258.09B,0.26%
12/31/2020,13981.75,13970.00,14024.85,13936.45,452.41B,0.00%
12/30/2020,13981.95,13980.90,13997.00,13864.95,380.68B,0.35%
12/29/2020,13932.60,13910.35,13967.60,13859.90,439.59B,0.43%
12/28/2020,13873.20,13815.15,13885.30,13811.55,403.63B,0.90%
12/24/2020,13749.25,13672.15,13771.75,13626.90,471.37B,1.09%
12/23/2020,13601.10,13473.50,13619.45,13432.20,458.65B,1.00%
12/22/2020,13466.30,13373.65,13492.05,13192.90,696.20B,1.03%
12/21/2020,13328.40,13741.90,13777.50,13131.45,687.25B,-3.14%
12/18/2020,13760.55,13764.40,13772.85,13658.60,519.39B,0.14%
12/17/2020,13740.70,13713.55,13773.25,13673.55,416.01B,0.42%
12/16/2020,13682.70,13663.10,13692.35,13606.45,462.15B,0.85%
12/15/2020,13567.85,13547.20,13589.65,13447.05,497.60B,0.07%
12/14/2020,13558.15,13571.45,13597.50,13472.45,558.39B,0.33%
12/11/20,13513.85,13512.30,13579.35,13402.85,787.71B,0.26%
12/10/20,13478.30,13488.50,13503.55,13399.30,553.40B,-0.38%
12/09/20,13529.10,13458.10,13548.90,13449.60,502.60B,1.02%
12/08/20,13392.95,13393.85,13435.45,13311.05,543.16B,0.28%
12/07/20,13355.75,13264.85,13366.65,13241.95,591.72B,0.73%
12/04/20,13258.55,13177.40,13280.05,13152.85,640.51B,0.95%
12/03/20,13133.90,13215.30,13216.60,13107.90,713.69B,0.15%
12/02/20,13113.75,13121.40,13128.50,12983.55,717.71B,0.04%
12/01/20,13109.05,13062.20,13128.40,12962.80,583.63B,1.08%
11/27/2020,12968.95,13012.05,13035.30,12914.30,"1,162.36B",-0.14%
11/26/2020,12987.00,12906.45,13018.00,12790.40,549.80B,1.00%
11/25/2020,12858.40,13130.00,13145.85,12833.65,679.01B,-1.51%
11/24/2020,13055.15,13002.60,13079.10,12978.00,571.86B,1.00%
11/23/2020,12926.45,12960.30,12968.85,12825.70,633.12B,0.52%
11/20/2020,12859.05,12813.40,12892.45,12730.25,664.00B,0.68%
11/19/2020,12771.70,12839.50,12963.00,12745.75,768.75B,-1.29%
11/18/2020,12938.25,12860.10,12948.85,12819.35,731.32B,0.50%
11/17/2020,12874.20,12932.50,12934.05,12797.10,707.68B,0.74%
11/14/2020,12780.25,12823.35,12828.70,12749.45,107.87B,0.47%
11/13/2020,12719.95,12659.70,12735.95,12607.70,513.95B,0.23%
11/12/20,12690.80,12702.15,12741.15,12624.85,622.02B,-0.46%
11/11/20,12749.15,12680.60,12769.75,12571.10,880.47B,0.93%
11/10/20,12631.10,12556.40,12643.90,12475.25,847.45B,1.36%
11/09/20,12461.05,12399.40,12474.05,12367.35,553.45B,1.61%
11/06/20,12263.55,12156.65,12280.40,12131.85,576.84B,1.18%
11/05/20,12120.30,12062.40,12131.10,12027.60,632.45B,1.78%
11/04/20,11908.50,11783.35,11929.65,11756.40,667.29B,0.80%
11/03/20,11813.50,11734.45,11836.20,11723.30,674.30B,1.24%
11/02/20,11669.15,11697.35,11725.65,11557.40,568.43B,0.23%
10/30/2020,11642.40,11678.45,11748.95,11535.45,553.67B,-0.24%
10/29/2020,11670.80,11633.30,11744.15,11606.45,554.96B,-0.50%
10/28/2020,11729.60,11922.60,11929.40,11684.85,704.02B,-1.34%
10/27/2020,11889.40,11807.10,11899.05,11723.00,616.32B,1.03%
10/26/2020,11767.75,11937.40,11942.85,11711.70,519.82B,-1.36%
10/23/2020,11930.35,11957.90,11974.55,11908.75,502.34B,0.28%
10/22/2020,11896.45,11890.00,11939.55,11823.45,544.90B,-0.35%
10/21/2020,11937.65,11958.55,12018.65,11775.75,623.66B,0.34%
10/20/2020,11896.80,11861.00,11949.25,11837.25,453.56B,0.20%
10/19/2020,11873.05,11879.20,11898.25,11820.40,541.42B,0.94%
10/16/2020,11762.45,11727.40,11789.75,11667.85,555.77B,0.70%
10/15/2020,11680.35,12023.45,12025.45,11661.30,608.87B,-2.43%
10/14/2020,11971.05,11917.40,11997.20,11822.15,569.24B,0.31%
10/13/2020,11934.50,11934.65,11988.20,11888.90,458.31B,0.03%
10/12/20,11930.95,11973.55,12022.05,11867.20,522.63B,0.14%
10/09/20,11914.20,11852.05,11938.60,11805.20,611.08B,0.67%
10/08/20,11834.60,11835.40,11905.70,11791.15,608.77B,0.82%
10/07/20,11738.85,11679.25,11763.05,11629.35,513.37B,0.66%
10/06/20,11662.40,11603.45,11680.30,11564.30,561.45B,1.38%
10/05/20,11503.35,11487.80,11578.05,11452.30,530.60B,0.76%
10/01/20,11416.95,11364.45,11428.60,11347.05,447.74B,1.51%
09/30/2020,11247.55,11244.45,11295.40,11184.55,499.34B,0.22%
09/29/2020,11222.40,11288.60,11305.40,11181.00,498.30B,-0.05%
09/28/2020,11227.55,11140.85,11239.35,11099.85,472.78B,1.60%
09/25/2020,11050.25,10910.40,11072.60,10854.85,559.60B,2.26%
09/24/2020,10805.55,11011.00,11015.30,10790.20,706.14B,-2.93%
09/23/2020,11131.85,11258.75,11259.55,11024.40,714.93B,-0.20%
09/22/2020,11153.65,11301.75,11302.20,11084.65,672.25B,-0.86%
09/21/2020,11250.55,11503.80,11535.25,11218.50,602.85B,-2.21%
09/18/2020,11504.95,11584.10,11584.10,11446.10,764.15B,-0.10%
09/17/2020,11516.10,11539.40,11587.20,11498.50,517.73B,-0.76%
09/16/2020,11604.55,11538.45,11618.10,11516.75,527.80B,0.72%
09/15/2020,11521.80,11487.20,11535.95,11442.25,506.67B,0.71%
09/14/2020,11440.05,11540.15,11568.90,11383.55,642.27B,-0.21%
09/11/20,11464.45,11447.80,11493.50,11419.90,554.79B,0.13%
09/10/20,11449.25,11363.30,11464.05,11327.40,679.42B,1.52%
09/09/20,11278.00,11218.60,11298.15,11185.15,728.88B,-0.35%
09/08/20,11317.35,11378.55,11437.25,11290.45,572.24B,-0.33%
09/07/20,11355.05,11359.60,11381.15,11251.70,560.32B,0.19%
09/04/20,11333.85,11354.40,11452.05,11303.65,681.34B,-1.68%
09/03/20,11527.45,11566.20,11584.95,11507.65,607.12B,-0.07%
09/02/20,11535.00,11478.55,11554.75,11430.40,593.49B,0.56%
09/01/20,11470.25,11464.30,11553.55,11366.90,783.77B,0.73%
08/31/2020,11387.50,11777.55,11794.25,11325.85,"1,371.79B",-2.23%
08/28/2020,11647.60,11602.95,11686.05,11589.40,807.00B,0.76%
08/27/2020,11559.25,11609.30,11617.35,11540.60,719.78B,0.08%
08/26/2020,11549.60,11512.85,11561.75,11461.85,743.44B,0.67%
08/25/2020,11472.25,11513.10,11525.90,11423.35,638.15B,0.05%
08/24/2020,11466.45,11412.00,11497.25,11410.65,532.90B,0.83%
08/21/2020,11371.60,11409.65,11418.50,11362.20,668.72B,0.53%
08/20/2020,11312.20,11317.45,11361.45,11289.80,791.59B,-0.84%
08/19/2020,11408.40,11452.15,11460.35,11394.10,626.22B,0.20%
08/18/2020,11385.35,11259.80,11401.70,11253.15,579.24B,1.23%
08/17/2020,11247.10,11248.90,11267.10,11144.50,633.96B,0.61%
08/14/2020,11178.40,11353.30,11366.25,11111.45,645.11B,-1.08%
08/13/2020,11300.45,11334.85,11359.30,11269.95,562.35B,-0.07%
08/12/20,11308.40,11289.00,11322.00,11242.65,609.86B,-0.12%
08/11/20,11322.50,11322.25,11373.60,11299.15,586.08B,0.46%
08/10/20,11270.15,11270.25,11337.30,11238.00,492.00B,0.50%
08/07/20,11214.05,11186.65,11231.90,11142.05,452.63B,0.12%
08/06/20,11200.15,11185.70,11256.80,11127.30,600.37B,0.89%
08/05/20,11101.65,11155.75,11225.65,11064.05,667.64B,0.06%
08/04/20,11095.25,10946.65,11112.25,10908.10,625.74B,1.87%
08/03/20,10891.60,11057.55,11058.05,10882.25,680.93B,-1.64%
07/31/2020,11073.45,11139.50,11150.40,11026.65,642.56B,-0.26%
07/30/2020,11102.15,11254.30,11299.95,11084.95,677.76B,-0.90%
07/29/2020,11202.85,11276.90,11341.40,11149.75,600.73B,-0.86%
07/28/2020,11300.55,11154.10,11317.75,11151.40,683.89B,1.52%
07/27/2020,11131.80,11225.00,11225.00,11087.85,588.15B,-0.56%
07/24/2020,11194.15,11149.95,11225.40,11090.30,678.94B,-0.19%
07/23/2020,11215.45,11135.00,11239.80,11103.15,621.58B,0.74%
07/22/2020,11132.60,11231.20,11238.10,11056.55,765.07B,-0.27%
07/21/2020,11162.25,11126.10,11179.55,11113.25,772.00B,1.27%
07/20/2020,11022.20,10999.45,11037.90,10953.00,554.31B,1.11%
07/17/2020,10901.70,10752.00,10933.45,10749.65,676.88B,1.51%
07/16/2020,10739.95,10706.20,10755.30,10595.20,694.40B,1.15%
07/15/2020,10618.20,10701.00,10827.45,10577.75,715.90B,0.10%
07/14/2020,10607.35,10750.85,10755.65,10562.90,532.37B,-1.81%
07/13/2020,10802.70,10851.85,10894.05,10756.05,554.05B,0.32%
07/10/20,10768.05,10764.10,10819.40,10713.00,590.71B,-0.42%
07/09/20,10813.45,10755.55,10836.85,10733.00,618.65B,1.01%
07/08/20,10705.75,10818.65,10847.85,10676.55,767.94B,-0.87%
07/07/20,10799.65,10802.85,10813.80,10689.70,636.77B,0.33%
07/06/20,10763.65,10723.85,10811.40,10695.10,571.21B,1.47%
07/03/20,10607.35,10614.95,10631.30,10562.65,525.19B,0.53%
07/02/20,10551.70,10493.05,10598.20,10485.55,597.42B,1.17%
07/01/20,10430.05,10323.80,10447.05,10299.60,573.55B,1.24%
06/30/2020,10302.10,10382.60,10401.05,10267.35,556.24B,-0.10%
06/29/2020,10312.40,10311.95,10337.95,10223.60,574.54B,-0.68%
06/26/2020,10383.00,10378.90,10409.85,10311.25,671.91B,0.91%
06/25/2020,10288.90,10235.55,10361.80,10194.50,994.19B,-0.16%
06/24/2020,10305.30,10529.25,10553.15,10281.95,854.80B,-1.58%
06/23/2020,10471.00,10347.95,10484.70,10301.75,669.19B,1.55%
06/22/2020,10311.20,10318.75,10393.65,10277.60,685.38B,0.65%
06/19/2020,10244.40,10119.00,10272.40,10072.65,892.10B,1.51%
06/18/2020,10091.65,9863.25,10111.20,9845.05,622.90B,2.13%
06/17/2020,9881.15,9876.70,10003.60,9833.80,685.42B,-0.33%
06/16/2020,9914.00,10014.80,10046.15,9728.50,899.90B,1.02%
06/15/2020,9813.70,9919.35,9943.35,9726.35,716.05B,-1.60%
06/12/20,9972.90,9544.95,9996.05,9544.35,796.31B,0.72%
06/11/20,9902.00,10094.10,10112.05,9885.05,715.45B,-2.12%
06/10/20,10116.15,10072.60,10148.75,10036.85,632.38B,0.69%
06/09/20,10046.65,10181.15,10291.15,10021.45,754.22B,-1.19%
06/08/20,10167.45,10326.75,10328.50,10120.25,936.49B,0.25%
06/05/20,10142.15,10093.80,10177.80,10040.75,987.12B,1.13%
06/04/20,10029.10,10054.25,10123.85,9944.25,775.11B,-0.32%
06/03/20,10061.55,10108.30,10176.20,10035.55,794.66B,0.83%
06/02/20,9979.10,9880.85,9995.60,9824.05,770.19B,1.56%
06/01/20,9826.15,9726.85,9931.60,9706.95,794.18B,2.57%
05/29/2020,9580.30,9422.20,9598.85,9376.90,967.00B,0.95%
05/28/2020,9490.10,9364.95,9511.25,9336.50,837.91B,1.88%
05/27/2020,9314.95,9082.20,9334.00,9004.25,763.49B,3.17%
05/26/2020,9029.05,9099.75,9161.65,8996.65,654.96B,-0.11%
05/22/2020,9039.25,9067.90,9149.60,8968.55,675.76B,-0.74%
05/21/2020,9106.25,9079.45,9178.55,9056.10,631.54B,0.44%
05/20/2020,9066.55,8889.15,9093.80,8875.35,622.31B,2.11%
05/19/2020,8879.10,8961.70,9030.35,8855.30,762.15B,0.63%
05/18/2020,8823.25,9158.30,9158.30,8806.75,772.98B,-3.43%
05/15/2020,9136.85,9182.40,9182.40,9050.00,575.86B,-0.06%
05/14/2020,9142.75,9213.95,9281.10,9119.75,602.56B,-2.57%
05/13/2020,9383.55,9584.20,9584.50,9351.10,846.40B,2.03%
05/12/20,9196.55,9168.85,9240.85,9043.95,805.46B,-0.46%
05/11/20,9239.20,9348.15,9439.90,9219.95,704.65B,-0.13%
05/08/20,9251.50,9376.95,9382.65,9238.20,609.05B,0.57%
05/07/20,9199.05,9234.05,9277.85,9175.90,708.74B,-0.78%
05/06/20,9270.90,9226.80,9346.90,9116.50,722.19B,0.71%
05/05/20,9205.60,9429.40,9450.90,9190.75,725.20B,-0.95%
05/04/20,9293.50,9533.50,9533.50,9266.95,687.49B,-5.74%
04/30/2020,9859.90,9753.50,9889.05,9731.50,931.17B,3.21%
04/29/2020,9553.35,9408.60,9599.85,9392.35,653.03B,1.84%
04/28/2020,9380.90,9389.80,9404.40,9260.00,614.55B,1.06%
04/27/2020,9282.30,9259.70,9377.10,9250.35,512.79B,1.40%
04/24/2020,9154.40,9163.90,9296.90,9141.30,659.44B,-1.71%
04/23/2020,9313.90,9232.35,9343.60,9170.15,666.65B,1.38%
04/22/2020,9187.30,9026.75,9209.75,8946.25,734.38B,2.29%
04/21/2020,8981.45,9016.95,9044.40,8909.40,655.12B,-3.03%
04/20/2020,9261.85,9390.20,9390.85,9230.80,726.36B,-0.05%
04/17/2020,9266.75,9323.45,9324.00,9091.35,684.21B,3.05%
04/16/2020,8992.80,8851.25,9053.75,8821.90,719.44B,0.76%
04/15/2020,8925.30,9196.40,9261.20,8874.10,879.15B,-0.76%
04/13/2020,8993.85,9103.95,9112.05,8912.40,643.97B,-1.30%
04/09/20,9111.90,8973.05,9128.35,8904.55,742.14B,4.15%
04/08/20,8748.75,8688.90,9131.70,8653.90,896.53B,-0.49%
04/07/20,8792.20,8446.30,8819.40,8360.95,814.18B,8.76%
04/03/20,8083.80,8356.55,8356.55,8055.80,697.03B,-2.06%
04/01/20,8253.80,8584.10,8588.10,8198.35,506.34B,-4.00%
03/31/2020,8597.75,8529.35,8678.30,8358.00,712.66B,3.82%
03/30/2020,8281.10,8385.95,8576.00,8244.00,593.25B,-4.38%
03/27/2020,8660.25,8949.10,9038.90,8522.90,801.45B,0.22%
03/26/2020,8641.45,8451.00,8749.05,8304.90,865.59B,3.89%
03/25/2020,8317.85,7735.15,8376.75,7714.75,736.87B,6.62%
03/24/2020,7801.05,7848.30,8036.95,7511.10,738.42B,2.51%
03/23/2020,7610.25,7945.70,8159.25,7583.60,653.54B,-12.98%
03/20/2020,8745.45,8284.45,8883.00,8178.20,"1,071.52B",5.83%
03/19/2020,8263.45,8063.30,8575.45,7832.55,925.72B,-2.42%
03/18/2020,8468.80,9088.45,9127.55,8407.05,"1,516.63B",-5.56%
03/17/2020,8967.05,9285.40,9403.80,8915.60,935.62B,-2.50%
03/16/2020,9197.40,9587.80,9602.20,9165.10,897.73B,-7.61%
03/13/2020,9955.20,9107.60,10159.40,8555.15,"1,387.95B",3.81%
03/12/20,9590.15,10039.95,10040.75,9508.00,"1,343.49B",-8.30%
03/11/20,10458.40,10334.30,10545.10,10334.00,"1,218.55B",0.07%
03/09/20,10451.45,10742.05,10751.55,10294.45,"1,565.51B",-4.90%
03/06/20,10989.45,10942.65,11035.10,10827.40,"1,810.97B",-2.48%
03/05/20,11269.00,11306.05,11389.50,11244.60,"1,352.49B",0.16%
03/04/20,11251.00,11351.35,11356.60,11082.15,797.65B,-0.46%
03/03/20,11303.30,11217.55,11342.25,11152.55,696.52B,1.53%
03/02/20,11132.75,11387.35,11433.00,11036.25,680.80B,-0.62%
02/28/2020,11201.75,11382.00,11384.80,11175.05,809.90B,-3.71%
02/27/2020,11633.30,11661.25,11663.85,11536.70,608.61B,-0.39%
02/26/2020,11678.50,11738.55,11783.25,11639.60,567.62B,-1.01%
02/25/2020,11797.90,11877.50,11883.05,11779.90,461.00B,-0.27%
02/24/2020,11829.40,12012.55,12012.55,11813.40,490.80B,-2.08%
02/20/2020,12080.85,12119.00,12152.00,12071.45,502.60B,-0.37%
02/19/2020,12125.90,12090.60,12134.70,12042.10,513.57B,1.11%
02/18/2020,11992.50,12028.25,12030.75,11908.05,676.85B,-0.44%
02/17/2020,12045.80,12131.80,12159.60,12037.00,455.19B,-0.56%
02/14/2020,12113.45,12190.15,12246.70,12091.20,622.78B,-0.50%
02/13/2020,12174.65,12219.55,12225.65,12139.80,501.19B,-0.22%
02/12/20,12201.20,12151.00,12231.75,12144.30,411.73B,0.77%
02/11/20,12107.90,12108.40,12172.30,12099.00,479.98B,0.64%
02/10/20,12031.50,12102.35,12103.55,11990.75,524.71B,-0.55%
02/07/20,12098.35,12151.15,12154.70,12073.95,473.47B,-0.33%
02/06/20,12137.95,12120.00,12160.60,12084.65,565.12B,0.40%
02/05/20,12089.15,12005.85,12098.15,11953.35,758.03B,0.91%
02/04/20,11979.65,11786.25,11986.15,11783.40,560.43B,2.32%
02/03/20,11707.90,11627.45,11749.85,11614.50,669.82B,0.39%
02/01/20,11661.85,11939.00,12017.35,11633.30,537.63B,-2.51%
01/31/2020,11962.10,12100.40,12103.55,11945.85,771.28B,-0.61%
01/30/2020,12035.80,12147.75,12150.30,12010.60,538.14B,-0.77%
01/29/2020,12129.50,12114.90,12169.60,12103.80,514.36B,0.61%
01/28/2020,12055.80,12148.10,12163.55,12024.50,478.48B,-0.52%
01/27/2020,12119.00,12197.10,12216.60,12107.00,441.16B,-1.06%
01/24/2020,12248.25,12174.55,12272.15,12149.65,593.24B,0.56%
01/23/2020,12180.35,12123.75,12189.00,12094.10,867.65B,0.61%
01/22/2020,12106.90,12218.35,12225.05,12087.90,526.30B,-0.52%
01/21/2020,12169.85,12195.30,12230.05,12162.30,443.98B,-0.45%
01/20/2020,12224.55,12430.50,12430.50,12216.90,491.61B,-1.03%
01/17/2020,12352.35,12328.40,12385.45,12321.40,502.06B,-0.03%
01/16/2020,12355.50,12347.10,12389.05,12315.80,395.67B,0.10%
01/15/2020,12343.30,12349.40,12355.15,12278.75,684.35B,-0.15%
01/14/2020,12362.30,12333.10,12374.25,12308.70,616.26B,0.27%
01/13/2020,12329.55,12296.70,12337.75,12285.80,500.97B,0.59%
01/10/20,12256.80,12271.00,12311.20,12213.20,660.63B,0.33%
01/09/20,12215.90,12153.15,12224.05,12132.55,477.47B,1.58%
01/08/20,12025.35,11939.10,12044.95,11929.60,445.99B,-0.23%
01/07/20,12052.95,12079.10,12152.15,12005.35,447.82B,0.50%
01/06/20,11993.05,12170.60,12179.10,11974.20,396.50B,-1.91%
01/03/20,12226.65,12261.10,12265.60,12191.35,428.77B,-0.45%
01/02/20,12282.20,12198.55,12289.90,12195.25,407.70B,0.82%
01/01/20,12182.50,12202.15,12222.20,12165.30,304.08B,0.12%
12/31/2019,12168.45,12247.10,12247.10,12151.80,426.93B,-0.71%
12/30/2019,12255.85,12274.90,12286.45,12213.80,411.09B,0.08%
12/27/2019,12245.80,12172.90,12258.45,12157.90,383.79B,0.98%
12/26/2019,12126.55,12211.85,12221.55,12118.85,520.33B,-0.72%
12/24/2019,12214.55,12269.25,12283.70,12202.10,470.29B,-0.39%
12/23/2019,12262.75,12235.45,12287.15,12213.25,604.78B,-0.07%
12/20/2019,12271.80,12266.45,12293.90,12252.75,810.68B,0.10%
12/19/2019,12259.70,12223.40,12268.35,12191.15,623.05B,0.31%
12/18/2019,12221.65,12197.00,12237.70,12163.45,518.86B,0.47%
12/17/2019,12165.00,12082.45,12182.75,12070.35,499.59B,0.92%
12/16/2019,12053.95,12131.35,12134.65,12046.30,437.70B,-0.27%
12/13/2019,12086.70,12026.40,12098.85,12023.60,597.71B,0.96%
12/12/19,11971.80,11944.30,12005.50,11934.00,752.62B,0.52%
12/11/19,11910.15,11867.35,11923.20,11832.30,997.65B,0.45%
12/10/19,11856.80,11950.50,11953.20,11844.70,650.22B,-0.68%
12/09/19,11937.50,11939.10,11981.95,11888.05,599.12B,0.13%
12/06/19,11921.50,12047.35,12057.05,11888.85,609.22B,-0.81%
12/05/19,12018.40,12071.25,12081.20,11998.75,562.23B,-0.21%
12/04/19,12043.20,11969.95,12054.70,11935.30,747.19B,0.41%
12/03/19,11994.20,12067.65,12068.60,11956.40,605.79B,-0.45%
12/02/19,12048.20,12137.05,12137.15,12023.70,720.95B,-0.07%
11/29/2019,12056.05,12146.20,12147.40,12017.40,804.43B,-0.78%
11/28/2019,12151.15,12132.10,12158.80,12099.95,620.48B,0.42%
11/27/2019,12100.70,12068.50,12114.90,12055.15,584.23B,0.52%
11/26/2019,12037.70,12110.20,12132.45,12006.35,"1,201.34B",-0.30%
11/25/2019,12073.75,11922.45,12084.50,11919.75,534.29B,1.34%
11/22/2019,11914.40,11967.30,11968.10,11883.50,486.82B,-0.45%
11/21/2019,11968.40,12025.65,12028.20,11956.90,557.69B,-0.26%
11/20/2019,11999.10,12004.75,12038.60,11966.05,646.66B,0.49%
11/19/2019,11940.10,11919.45,11958.85,11881.75,613.91B,0.47%
11/18/2019,11884.50,11915.15,11946.20,11867.60,514.35B,-0.09%
11/15/2019,11895.45,11904.20,11973.65,11879.25,580.15B,0.20%
11/14/2019,11872.10,11858.75,11895.65,11802.65,559.49B,0.27%
11/13/2019,11840.45,11908.30,11946.80,11823.20,659.04B,-0.61%
11/11/19,11913.45,11879.20,11932.65,11853.95,548.98B,0.04%
11/08/19,11908.15,11987.15,12034.15,11888.75,789.25B,-0.86%
11/07/19,12012.05,12021.10,12021.40,11946.85,562.96B,0.38%
11/06/19,11966.05,11911.50,12002.90,11850.25,603.35B,0.41%
11/05/19,11917.20,11974.60,11978.95,11861.90,631.95B,-0.20%
11/04/19,11941.30,11928.90,11989.15,11905.35,823.05B,0.43%
11/01/19,11890.60,11886.60,11918.30,11843.35,855.34B,0.11%
10/31/2019,11877.45,11890.45,11945.00,11855.10,"1,414.84B",0.28%
10/30/2019,11844.10,11883.90,11883.95,11784.45,725.22B,0.49%
10/29/2019,11786.85,11643.95,11809.40,11627.35,951.72B,1.37%
10/27/2019,11627.15,11662.25,11672.40,11604.60,161.78B,0.37%
10/25/2019,11583.90,11646.15,11646.90,11490.75,812.03B,0.01%
10/24/2019,11582.60,11661.65,11679.60,11534.65,700.48B,-0.19%
10/23/2019,11604.10,11596.20,11651.60,11554.40,664.16B,0.14%
10/22/2019,11588.35,11657.15,11714.35,11573.65,867.60B,-0.63%
10/18/2019,11661.85,11580.30,11684.70,11553.15,853.44B,0.65%
10/17/2019,11586.35,11466.30,11599.10,11439.65,797.57B,1.07%
10/16/2019,11464.00,11464.95,11481.05,11411.10,533.47B,0.31%
10/15/2019,11428.30,11360.85,11462.35,11342.10,527.40B,0.77%
10/14/2019,11341.15,11335.90,11420.45,11290.05,587.58B,0.32%
10/11/19,11305.05,11257.70,11362.90,11189.40,737.79B,0.63%
10/10/19,11234.55,11280.50,11293.35,11208.55,562.02B,-0.70%
10/09/19,11313.30,11152.95,11321.60,11090.15,741.15B,1.68%
10/07/19,11126.40,11196.20,11233.85,11112.65,733.20B,-0.43%
10/04/19,11174.75,11388.45,11400.30,11158.35,928.52B,-1.23%
10/03/19,11314.00,11322.25,11370.40,11257.35,"1,017.48B",-0.40%
10/01/19,11359.90,11515.40,11554.20,11247.90,"1,305.41B",-1.00%
09/30/2019,11474.45,11491.15,11508.25,11390.80,756.85B,-0.33%
09/27/2019,11512.40,11556.35,11593.60,11499.75,650.02B,-0.51%
09/26/2019,11571.20,11469.85,11610.85,11466.35,844.47B,1.15%
09/25/2019,11440.20,11564.85,11564.95,11416.10,629.06B,-1.28%
09/24/2019,11588.20,11590.70,11655.05,11539.20,651.72B,-0.10%
09/23/2019,11600.20,11542.70,11694.85,11471.35,882.83B,2.89%
09/20/2019,11274.20,10746.80,11381.90,10691.00,"1,356.77B",5.32%
09/19/2019,10704.80,10845.20,10845.20,10670.25,642.60B,-1.25%
09/18/2019,10840.65,10872.80,10885.15,10804.85,519.15B,0.21%
09/17/2019,10817.60,11000.10,11000.10,10796.50,482.01B,-1.69%
09/16/2019,11003.50,10994.85,11052.70,10968.20,434.45B,-0.65%
09/13/2019,11075.90,10986.80,11084.45,10945.75,624.30B,0.85%
09/12/19,10982.80,11058.30,11081.75,10964.95,551.44B,-0.48%
09/11/19,11035.70,11028.50,11054.80,11011.65,687.14B,0.30%
09/09/19,11003.05,10936.70,11028.85,10889.80,412.47B,0.52%
09/06/19,10946.20,10883.80,10957.05,10867.45,497.21B,0.91%
09/05/19,10847.90,10860.95,10920.10,10816.00,595.70B,0.03%
09/04/19,10844.65,10790.40,10858.75,10746.35,508.78B,0.43%
09/03/19,10797.90,10960.95,10967.50,10772.70,483.04B,-2.04%
08/30/2019,11023.25,10987.80,11042.60,10874.80,628.15B,0.68%
08/29/2019,10948.30,10996.05,11021.10,10922.40,649.88B,-0.89%
08/28/2019,11046.10,11101.30,11129.65,10987.65,549.95B,-0.53%
08/27/2019,11105.35,11106.55,11141.75,11049.50,685.55B,0.43%
08/26/2019,11057.85,11000.30,11070.30,10756.55,684.14B,2.11%
08/23/2019,10829.35,10699.60,10862.55,10637.15,667.08B,0.82%
08/22/2019,10741.35,10905.30,10908.25,10718.30,668.19B,-1.62%
08/21/2019,10918.70,11018.15,11034.20,10906.65,557.87B,-0.89%
08/20/2019,11017.00,11063.90,11076.30,10985.30,444.72B,-0.33%
08/19/2019,11053.90,11094.80,11146.90,11037.85,369.49B,0.06%
08/16/2019,11047.80,11043.65,11068.65,10924.30,470.91B,0.17%
08/14/2019,11029.40,11003.25,11078.15,10935.60,511.54B,0.95%
08/13/2019,10925.85,11139.40,11145.90,10901.60,624.64B,-1.65%
08/09/19,11109.65,11087.90,11181.45,11062.80,538.06B,0.70%
08/08/19,11032.45,10899.20,11058.05,10842.95,482.47B,1.63%
08/07/19,10855.50,10958.10,10975.65,10835.90,548.47B,-0.85%
08/06/19,10948.25,10815.40,11018.55,10813.80,517.89B,0.79%
08/05/19,10862.60,10895.80,10895.80,10782.60,506.56B,-1.23%
08/02/19,10997.35,10930.30,11080.15,10848.95,547.42B,0.16%
08/01/19,10980.00,11060.20,11076.75,10881.00,499.92B,-1.24%
07/31/2019,11118.00,11034.05,11145.30,10999.40,536.69B,0.29%
07/30/2019,11085.40,11213.70,11267.45,11072.65,479.06B,-0.93%
07/29/2019,11189.20,11307.50,11310.95,11152.40,482.86B,-0.84%
07/26/2019,11284.30,11247.45,11307.60,11210.05,522.67B,0.29%
07/25/2019,11252.15,11290.40,11361.40,11239.35,553.68B,-0.17%
07/24/2019,11271.30,11322.45,11359.75,11229.80,413.20B,-0.53%
07/23/2019,11331.05,11372.25,11398.15,11302.80,458.93B,-0.13%
07/22/2019,11346.20,11392.85,11398.15,11301.25,516.04B,-0.64%
07/19/2019,11419.25,11627.95,11640.35,11399.30,446.05B,-1.53%
07/18/2019,11596.90,11675.60,11677.15,11582.40,498.26B,-0.78%
07/17/2019,11687.50,11670.75,11706.65,11651.15,464.83B,0.21%
07/16/2019,11662.60,11596.65,11670.05,11573.95,480.16B,0.64%
07/15/2019,11588.35,11614.75,11618.40,11532.30,368.79B,0.31%
07/12/19,11552.50,11601.15,11639.55,11538.60,359.42B,-0.26%
07/11/19,11582.90,11561.45,11599.00,11519.50,317.26B,0.73%
07/10/19,11498.90,11536.15,11593.70,11475.65,337.57B,-0.49%
07/09/19,11555.90,11531.60,11582.55,11461.00,442.52B,-0.02%
07/08/19,11558.60,11770.40,11771.90,11523.30,464.03B,-2.14%
07/05/19,11811.15,11964.75,11981.75,11797.90,530.72B,-1.14%
07/04/19,11946.75,11928.80,11969.25,11923.65,333.59B,0.25%
07/03/19,11916.75,11932.15,11945.20,11887.05,340.53B,0.05%
07/02/19,11910.30,11890.30,11917.45,11814.70,363.20B,0.38%
07/01/19,11865.60,11839.90,11884.65,11830.80,278.42B,0.65%
06/28/2019,11788.85,11861.15,11871.70,11775.50,303.89B,-0.45%
06/27/2019,11841.55,11860.85,11911.15,11821.05,480.17B,-0.05%
06/26/2019,11847.55,11768.15,11871.85,11757.55,327.88B,0.43%
06/25/2019,11796.45,11681.00,11814.40,11651.00,300.48B,0.83%
06/24/2019,11699.65,11725.80,11754.00,11670.20,277.62B,-0.21%
06/21/2019,11724.10,11827.60,11827.95,11705.10,468.43B,-0.91%
06/20/2019,11831.75,11653.65,11843.50,11635.05,442.02B,1.20%
06/19/2019,11691.45,11744.45,11802.50,11625.10,446.93B,0.00%
06/18/2019,11691.50,11677.05,11727.20,11641.15,365.53B,0.17%
06/17/2019,11672.15,11844.00,11844.05,11657.75,295.53B,-1.28%
06/14/2019,11823.30,11910.10,11911.85,11797.70,390.29B,-0.76%
06/13/2019,11914.05,11873.90,11931.35,11817.05,447.90B,0.07%
06/12/19,11906.20,11962.45,11962.45,11866.35,283.72B,-0.50%
06/11/19,11965.60,11959.85,12000.35,11904.35,332.18B,0.36%
06/10/19,11922.70,11934.90,11975.05,11871.75,303.33B,0.44%
06/07/19,11870.65,11865.20,11897.50,11769.50,302.46B,0.23%
06/06/19,11843.75,12039.80,12039.80,11830.25,415.21B,-1.48%
06/04/19,12021.65,12052.65,12095.20,12005.85,289.22B,-0.55%
06/03/19,12088.55,11953.75,12103.05,11920.10,315.30B,1.39%
05/31/2019,11922.80,11999.80,12039.25,11829.45,438.88B,-0.19%
05/30/2019,11945.90,11865.30,11968.55,11859.40,421.20B,0.71%
05/29/2019,11861.10,11905.80,11931.90,11836.80,318.07B,-0.57%
05/28/2019,11928.75,11958.35,11958.55,11864.90,598.31B,0.03%
05/27/2019,11924.75,11855.50,11957.15,11812.40,348.36B,0.68%
05/24/2019,11844.10,11748.00,11859.00,11658.10,374.64B,1.60%
05/23/2019,11657.05,11901.30,12041.15,11614.50,569.03B,-0.69%
05/22/2019,11737.90,11727.95,11784.80,11682.40,355.87B,0.25%
05/21/2019,11709.10,11863.65,11883.55,11682.80,381.04B,-1.01%
05/20/2019,11828.25,11651.90,11845.20,11591.70,452.10B,3.69%
05/17/2019,11407.15,11261.90,11426.15,11259.85,412.11B,1.33%
05/16/2019,11257.10,11180.35,11281.55,11143.35,350.74B,0.90%
05/15/2019,11157.00,11271.70,11286.80,11136.95,414.17B,-0.58%
05/14/2019,11222.05,11151.65,11294.75,11108.30,398.12B,0.66%
05/13/2019,11148.20,11258.70,11300.20,11125.60,357.59B,-1.16%
05/10/19,11278.90,11314.15,11345.80,11251.05,387.32B,-0.20%
05/09/19,11301.80,11322.40,11357.60,11255.05,373.03B,-0.51%
05/08/19,11359.45,11478.70,11479.10,11346.95,372.83B,-1.20%
05/07/19,11497.90,11651.50,11657.05,11484.45,337.50B,-0.87%
05/06/19,11598.25,11605.80,11632.55,11571.35,299.05B,-0.97%
05/03/19,11712.25,11722.60,11770.90,11699.35,305.52B,-0.11%
05/02/19,11724.75,11725.55,11789.30,11699.55,380.28B,-0.20%
04/30/2019,11748.15,11748.75,11756.25,11655.90,532.63B,-0.06%
04/26/2019,11754.65,11683.75,11762.90,11661.75,333.48B,0.97%
04/25/2019,11641.80,11735.70,11796.75,11624.30,604.36B,-0.72%
04/24/2019,11726.15,11601.50,11740.85,11578.85,335.20B,1.30%
04/23/2019,11575.95,11612.95,11645.95,11564.80,272.54B,-0.16%
04/22/2019,11594.45,11727.05,11727.05,11583.95,260.36B,-1.35%
04/18/2019,11752.80,11856.15,11856.15,11738.50,339.65B,-0.29%
04/16/2019,11787.15,11736.20,11810.95,11731.55,354.32B,0.83%
04/15/2019,11690.35,11667.00,11704.60,11648.25,290.00B,0.40%
04/12/19,11643.45,11612.85,11657.35,11578.80,246.01B,0.40%
04/11/19,11596.70,11592.55,11606.70,11550.55,279.78B,0.11%
04/10/19,11584.30,11646.85,11680.05,11571.75,359.94B,-0.75%
04/09/19,11671.95,11612.05,11683.90,11569.70,300.47B,0.58%
04/08/19,11604.50,11704.35,11710.30,11549.10,260.93B,-0.53%
04/05/19,11665.95,11638.40,11689.65,11609.50,266.67B,0.59%
04/04/19,11598.00,11660.20,11662.55,11559.20,349.03B,-0.39%
04/03/19,11643.95,11735.30,11761.00,11629.15,365.76B,-0.59%
04/02/19,11713.20,11711.55,11729.35,11655.85,386.13B,0.38%
04/01/19,11669.15,11665.20,11738.10,11644.75,379.57B,0.39%
03/29/2019,11623.90,11625.45,11630.35,11570.15,416.28B,0.47%
03/28/2019,11570.00,11463.65,11588.50,11452.45,527.68B,1.09%
03/27/2019,11445.05,11531.45,11546.20,11413.00,350.45B,-0.33%
03/26/2019,11483.25,11375.20,11496.75,11352.45,282.58B,1.14%
03/25/2019,11354.25,11395.65,11395.65,11311.60,294.46B,-0.90%
03/22/2019,11456.90,11549.20,11572.80,11434.55,386.19B,-0.56%
03/20/2019,11521.05,11553.35,11556.10,11503.10,366.30B,-0.10%
03/19/2019,11532.40,11500.30,11543.85,11451.25,326.10B,0.61%
03/18/2019,11462.20,11473.85,11530.15,11412.50,320.25B,0.31%
03/15/2019,11426.85,11376.85,11487.00,11370.80,463.71B,0.74%
03/14/2019,11343.25,11382.50,11383.45,11313.75,294.48B,0.01%
03/13/2019,11341.70,11326.20,11352.30,11276.60,383.00B,0.36%
03/12/19,11301.20,11231.35,11320.40,11227.00,391.31B,1.19%
03/11/19,11168.05,11068.75,11180.90,11059.85,352.24B,1.20%
03/08/19,11035.40,11038.85,11049.00,11008.95,326.57B,-0.21%
03/07/19,11058.20,11077.95,11089.05,11027.10,321.21B,0.05%
03/06/19,11053.00,11024.85,11062.30,10998.85,372.55B,0.60%
03/05/19,10987.45,10864.85,10994.90,10817.00,373.22B,1.14%
03/01/19,10863.50,10842.65,10877.90,10823.10,308.53B,0.66%
02/28/2019,10792.50,10865.70,10865.70,10784.85,644.16B,-0.13%
02/27/2019,10806.65,10881.20,10939.70,10751.20,381.08B,-0.26%
02/26/2019,10835.30,10775.30,10888.75,10729.30,414.95B,-0.41%
02/25/2019,10880.10,10813.25,10887.10,10788.05,385.91B,0.82%
02/22/2019,10791.65,10782.70,10801.55,10758.40,396.85B,0.02%
02/21/2019,10789.85,10744.10,10808.85,10721.50,279.58B,0.51%
02/20/2019,10735.45,10655.45,10752.70,10646.40,289.19B,1.24%
02/19/2019,10604.35,10636.70,10722.85,10585.65,291.51B,-0.34%
02/18/2019,10640.95,10738.65,10759.90,10628.40,345.44B,-0.78%
02/15/2019,10724.40,10780.25,10785.75,10620.40,521.88B,-0.20%
02/14/2019,10746.05,10786.10,10792.70,10718.75,627.04B,-0.44%
02/13/2019,10793.65,10870.55,10891.65,10772.10,321.96B,-0.35%
02/12/19,10831.40,10879.70,10910.90,10823.80,292.32B,-0.53%
02/11/19,10888.80,10930.90,10930.90,10857.10,285.99B,-0.50%
02/08/19,10943.60,11023.50,11041.20,10925.45,352.79B,-1.14%
02/07/19,11069.40,11070.45,11118.10,11043.60,263.54B,0.06%
02/06/19,11062.45,10965.10,11072.60,10962.70,298.51B,1.17%
02/05/19,10934.35,10908.65,10956.70,10886.70,268.09B,0.20%
02/04/19,10912.25,10876.75,10927.90,10814.15,318.30B,0.17%
02/01/19,10893.65,10851.35,10983.45,10813.45,482.27B,0.58%
01/31/2019,10830.95,10690.55,10838.05,10678.55,604.82B,1.68%
01/30/2019,10651.80,10702.25,10710.20,10612.85,410.11B,0.00%
01/29/2019,10652.20,10653.70,10690.35,10583.65,356.91B,-0.09%
01/28/2019,10661.55,10792.45,10804.45,10630.95,419.68B,-1.10%
01/25/2019,10780.55,10859.75,10931.70,10756.45,463.45B,-0.64%
01/24/2019,10849.80,10844.05,10866.60,10798.65,361.08B,0.17%
01/23/2019,10831.50,10931.05,10944.80,10811.95,298.88B,-0.84%
01/22/2019,10922.75,10949.80,10949.80,10864.15,300.77B,-0.36%
01/21/2019,10961.85,10919.35,10987.45,10885.75,288.83B,0.50%
01/18/2019,10906.95,10914.85,10928.20,10852.20,323.81B,0.02%
01/17/2019,10905.20,10920.85,10930.65,10844.65,271.68B,0.14%
01/16/2019,10890.30,10899.65,10928.15,10876.90,276.54B,0.03%
01/15/2019,10886.80,10777.55,10896.95,10777.55,310.74B,1.39%
01/14/2019,10737.60,10807.00,10808.00,10692.35,298.77B,-0.53%
01/11/19,10794.95,10834.75,10850.15,10739.40,260.79B,-0.25%
01/10/19,10821.60,10859.35,10859.35,10801.80,254.37B,-0.31%
01/09/19,10855.15,10862.40,10870.40,10749.40,333.01B,0.49%
01/08/19,10802.15,10786.25,10818.45,10733.25,277.70B,0.28%
01/07/19,10771.80,10804.85,10835.95,10750.15,269.37B,0.41%
01/04/19,10727.35,10699.70,10741.05,10628.65,296.60B,0.52%
01/03/19,10672.25,10796.80,10814.05,10661.25,286.24B,-1.11%
01/02/19,10792.50,10868.85,10895.35,10735.05,309.67B,-1.08%
01/01/19,10910.10,10881.70,10923.60,10807.10,159.40B,0.44%